control_replicate,control_token_index,design,dominant_overlap,dominant_roi,group_overlap__Body,group_overlap__Face,group_overlap__Scene,group_overlap__V1,group_overlap__V2,group_overlap__V3,group_overlap__V4,group_overlap__Word,hemisphere,max_off_target_overlap,mean_ncsnr,num_groups_ge_0.10,num_groups_ge_0.25,num_groups_ge_0.40,num_groups_ge_0.50,num_vertices,purity_margin,roi_overlap__floc-bodies__EBA,roi_overlap__floc-bodies__FBA-1,roi_overlap__floc-bodies__FBA-2,roi_overlap__floc-faces__FFA-1,roi_overlap__floc-faces__FFA-2,roi_overlap__floc-faces__OFA,roi_overlap__floc-places__OPA,roi_overlap__floc-places__PPA,roi_overlap__floc-places__RSC,roi_overlap__floc-words__OWFA,roi_overlap__floc-words__VWFA-1,roi_overlap__floc-words__VWFA-2,roi_overlap__floc-words__mfs-words,roi_overlap__prf-visualrois__V1d,roi_overlap__prf-visualrois__V1v,roi_overlap__prf-visualrois__V2d,roi_overlap__prf-visualrois__V2v,roi_overlap__prf-visualrois__V3d,roi_overlap__prf-visualrois__V3v,roi_overlap__prf-visualrois__hV4,schaefer_parcel_index,target_category,target_group_max_overlap,target_off_target_dual_high_overlap,target_overlap_ge_0.10,target_overlap_ge_0.25,target_overlap_ge_0.40,target_overlap_ge_0.50,top200_token_index
1,26,full,0.7528089887640449,V4,0.0,0.0,0.0,0.0,0.0,0.21348314606741572,0.7528089887640449,0.0,lh,0.7528089887640449,0.5347240567207336,2,1,1,1,178,-0.7528089887640449,,,,,,,,,,,,,,,,,,,0.21348314606741572,0.7528089887640449,9,Face,0.0,False,False,False,False,False,26
1,38,full,0.9536585365853658,Word,0.17073170731707318,0.17560975609756097,0.0,0.0,0.0,0.0,0.0,0.9536585365853658,lh,0.9536585365853658,0.48745402693748474,3,1,1,1,410,-0.7780487804878049,0.0024390243902439024,0.17073170731707318,,0.17560975609756097,,,,,,,0.9536585365853658,,,,,,,,,,11,Face,0.17560975609756097,False,True,False,False,False,38
1,45,full,0.7355769230769231,Scene,0.0,0.0,0.7355769230769231,0.0,0.0,0.0,0.0,0.0,lh,0.7355769230769231,0.4684760272502899,1,1,1,1,208,-0.7355769230769231,,,,,,,0.7355769230769231,,,,,,,,,,,,,,187,Face,0.0,False,False,False,False,False,45
1,146,full,0.0,Unlabeled,0.0,0.0,0.0,0.0,0.0,0.0,0.0,0.0,rh,0.0,0.49398019909858704,0,0,0,0,243,0.0,,,,,,,,,,,,,,,,,,,,,358,Face,0.0,False,False,False,False,False,146
2,29,full,1.0,Scene,0.0,0.0,1.0,0.0,0.0,0.0,0.0,0.0,lh,1.0,0.5202304720878601,1,1,1,1,146,-1.0,,,,,,,1.0,,,,,,,,,,,,,,188,Face,0.0,False,False,False,False,False,29
2,42,full,0.5432692307692307,Body,0.5432692307692307,0.0,0.0,0.0,0.0,0.0,0.0,0.3701923076923077,lh,0.5432692307692307,0.4748196601867676,2,2,1,1,208,-0.5432692307692307,0.5432692307692307,,,,,,,,,,0.3701923076923077,,,,,,,,,,178,Face,0.0,False,False,False,False,False,42
2,49,full,0.0,Unlabeled,0.0,0.0,0.0,0.0,0.0,0.0,0.0,0.0,lh,0.0,0.45416495203971863,0,0,0,0,365,0.0,,,,,,,,,,,,,,,,,,,,,233,Face,0.0,False,False,False,False,False,49
2,148,full,0.0,Unlabeled,0.42857142857142855,0.4318936877076412,0.0,0.0,0.0,0.0,0.0,0.0,rh,0.42857142857142855,0.4778825640678406,2,2,2,0,301,0.0033222591362126463,,,0.42857142857142855,,0.4318936877076412,,,,,,,,,,,,,,,,184,Face,0.4318936877076412,False,True,True,True,False,148
3,19,full,0.0,Unlabeled,0.0,0.0,0.33516483516483514,0.0,0.0,0.31868131868131866,0.0,0.0,lh,0.33516483516483514,0.5719456672668457,2,2,0,0,182,-0.33516483516483514,,,,,,,0.33516483516483514,,,,,,,,,,,0.31868131868131866,,,63,Face,0.0,False,False,False,False,False,19
3,37,full,0.8087649402390438,Body,0.8087649402390438,0.0,0.00796812749003984,0.0,0.0,0.0,0.0,0.0,lh,0.8087649402390438,0.4923276901245117,1,1,1,1,251,-0.8087649402390438,0.8087649402390438,,,,,,0.00796812749003984,,,,,,,,,,,,,,184,Face,0.0,False,False,False,False,False,37
3,50,full,0.0,Unlabeled,0.0,0.0,0.3333333333333333,0.0,0.0,0.0,0.0,0.0,lh,0.3333333333333333,0.45015156269073486,1,1,0,0,360,-0.3333333333333333,,,,,,,,,0.3333333333333333,,,,,,,,,,,,468,Face,0.0,False,False,False,False,False,50
3,154,full,0.0,Unlabeled,0.0,0.0,0.0,0.0,0.0,0.0,0.0,0.0,rh,0.0,0.45569831132888794,0,0,0,0,292,0.0,,,,,,,,,,,,,,,,,,,,,249,Face,0.0,False,False,False,False,False,154
4,23,full,0.803921568627451,Scene,0.0,0.0,0.803921568627451,0.0,0.0,0.0,0.0,0.0,lh,0.803921568627451,0.5457936525344849,1,1,1,1,102,-0.803921568627451,,,,,,,,,0.803921568627451,,,,,,,,,,,,62,Face,0.0,False,False,False,False,False,23
4,24,full,0.7621621621621621,Scene,0.0,0.0,0.7621621621621621,0.0,0.0,0.0,0.0,0.0,lh,0.7621621621621621,0.5441173315048218,1,1,1,1,370,-0.7621621621621621,,,,,,,0.7621621621621621,,,,,,,,,,,,,,71,Face,0.0,False,False,False,False,False,24
4,42,full,0.5432692307692307,Body,0.5432692307692307,0.0,0.0,0.0,0.0,0.0,0.0,0.3701923076923077,lh,0.5432692307692307,0.4748196601867676,2,2,1,1,208,-0.5432692307692307,0.5432692307692307,,,,,,,,,,0.3701923076923077,,,,,,,,,,178,Face,0.0,False,False,False,False,False,42
4,157,full,0.5892255892255892,V2,0.0,0.0,0.0,0.367003367003367,0.5892255892255892,0.003367003367003367,0.0,0.0,rh,0.5892255892255892,0.4358782470226288,2,2,1,1,297,-0.5892255892255892,,,,,,,,,,,,,,0.04040404040404041,0.367003367003367,,0.5892255892255892,,0.003367003367003367,,26,Face,0.0,False,False,False,False,False,157
5,26,full,0.7528089887640449,V4,0.0,0.0,0.0,0.0,0.0,0.21348314606741572,0.7528089887640449,0.0,lh,0.7528089887640449,0.5347240567207336,2,1,1,1,178,-0.7528089887640449,,,,,,,,,,,,,,,,,,,0.21348314606741572,0.7528089887640449,9,Face,0.0,False,False,False,False,False,26
5,33,full,0.0,Unlabeled,0.0,0.0,0.0,0.0,0.0,0.0,0.0,0.0,lh,0.0,0.5133366584777832,0,0,0,0,256,0.0,,,,,,,,,,,,,,,,,,,,,191,Face,0.0,False,False,False,False,False,33
5,38,full,0.9536585365853658,Word,0.17073170731707318,0.17560975609756097,0.0,0.0,0.0,0.0,0.0,0.9536585365853658,lh,0.9536585365853658,0.48745402693748474,3,1,1,1,410,-0.7780487804878049,0.0024390243902439024,0.17073170731707318,,0.17560975609756097,,,,,,,0.9536585365853658,,,,,,,,,,11,Face,0.17560975609756097,False,True,False,False,False,38
5,154,full,0.0,Unlabeled,0.0,0.0,0.0,0.0,0.0,0.0,0.0,0.0,rh,0.0,0.45569831132888794,0,0,0,0,292,0.0,,,,,,,,,,,,,,,,,,,,,249,Face,0.0,False,False,False,False,False,154
1,10,full,0.8818897637795275,Scene,0.0,0.0,0.8818897637795275,0.0,0.0,0.0,0.0,0.0,lh,0.8818897637795275,0.6811837553977966,1,1,1,1,381,-0.8818897637795275,,,,,,,,0.8818897637795275,,,,,,,,,,,,,12,Body,0.0,False,False,False,False,False,10
1,14,full,0.0,Unlabeled,0.0,0.0,0.0,0.0,0.0,0.06748466257668712,0.08588957055214724,0.0,lh,0.08588957055214724,0.6395871043205261,0,0,0,0,326,-0.08588957055214724,,,,,,,,,,,,,,,,,,,0.06748466257668712,0.08588957055214724,10,Body,0.0,False,False,False,False,False,14
1,16,full,0.8321167883211679,Face,0.7664233576642335,0.8321167883211679,0.0,0.0,0.0,0.0,0.0,0.27007299270072993,lh,0.8321167883211679,0.6251530051231384,3,3,2,2,137,-0.06569343065693434,,0.7664233576642335,,0.8321167883211679,,,,,,,0.27007299270072993,,,,,,,,,,6,Body,0.7664233576642335,True,True,True,True,True,16
1,17,full,0.7777777777777778,V1,0.0,0.0,0.0,0.7777777777777778,0.06790123456790123,0.0,0.0,0.0,lh,0.7777777777777778,0.6222882866859436,1,1,1,1,162,-0.7777777777777778,,,,,,,,,,,,,,0.7777777777777778,,0.06790123456790123,,,,,51,Body,0.0,False,False,False,False,False,17
1,19,full,0.0,Unlabeled,0.0,0.0,0.33516483516483514,0.0,0.0,0.31868131868131866,0.0,0.0,lh,0.33516483516483514,0.5719456672668457,2,2,0,0,182,-0.33516483516483514,,,,,,,0.33516483516483514,,,,,,,,,,,0.31868131868131866,,,63,Body,0.0,False,False,False,False,False,19
1,24,full,0.7621621621621621,Scene,0.0,0.0,0.7621621621621621,0.0,0.0,0.0,0.0,0.0,lh,0.7621621621621621,0.5441173315048218,1,1,1,1,370,-0.7621621621621621,,,,,,,0.7621621621621621,,,,,,,,,,,,,,71,Body,0.0,False,False,False,False,False,24
1,29,full,1.0,Scene,0.0,0.0,1.0,0.0,0.0,0.0,0.0,0.0,lh,1.0,0.5202304720878601,1,1,1,1,146,-1.0,,,,,,,1.0,,,,,,,,,,,,,,188,Body,0.0,False,False,False,False,False,29
1,30,full,0.6125827814569537,Scene,0.0,0.0,0.6125827814569537,0.0,0.0,0.0695364238410596,0.0,0.0,lh,0.6125827814569537,0.5175578594207764,1,1,1,1,302,-0.6125827814569537,,,,,,,0.6125827814569537,,,,,,,,,,,0.0695364238410596,,,69,Body,0.0,False,False,False,False,False,30
1,45,full,0.7355769230769231,Scene,0.0,0.0,0.7355769230769231,0.0,0.0,0.0,0.0,0.0,lh,0.7355769230769231,0.4684760272502899,1,1,1,1,208,-0.7355769230769231,,,,,,,0.7355769230769231,,,,,,,,,,,,,,187,Body,0.0,False,False,False,False,False,45
1,48,full,0.5955555555555555,V4,0.0,0.49333333333333335,0.0,0.0,0.0,0.0,0.5955555555555555,0.48,lh,0.5955555555555555,0.45930930972099304,3,3,3,1,225,-0.5955555555555555,,,,,,0.49333333333333335,,,,0.44,0.48,,,,,,,,,0.5955555555555555,14,Body,0.0,False,False,False,False,False,48
1,49,full,0.0,Unlabeled,0.0,0.0,0.0,0.0,0.0,0.0,0.0,0.0,lh,0.0,0.45416495203971863,0,0,0,0,365,0.0,,,,,,,,,,,,,,,,,,,,,233,Body,0.0,False,False,False,False,False,49
1,103,full,0.6197916666666666,V2,0.0,0.0,0.0,0.3802083333333333,0.6197916666666666,0.0,0.0,0.0,rh,0.6197916666666666,0.7783543467521667,2,2,1,1,192,-0.6197916666666666,,,,,,,,,,,,,,,0.3802083333333333,,0.6197916666666666,,,,24,Body,0.0,False,False,False,False,False,103
1,107,full,0.0,Unlabeled,0.0,0.0,0.0,0.4477124183006536,0.13398692810457516,0.0,0.0,0.0,rh,0.4477124183006536,0.7308821678161621,2,1,1,0,306,-0.4477124183006536,,,,,,,,,,,,,,0.4477124183006536,0.41830065359477125,,0.13398692810457516,,,,28,Body,0.0,False,False,False,False,False,107
1,108,full,0.7094339622641509,V1,0.0,0.0,0.0,0.7094339622641509,0.0,0.0,0.0,0.0,rh,0.7094339622641509,0.7057465314865112,1,1,1,1,265,-0.7094339622641509,,,,,,,,,,,,,,0.7094339622641509,0.18867924528301888,,,,,,37,Body,0.0,False,False,False,False,False,108
1,112,full,0.6417322834645669,V4,0.0,0.0,0.0,0.0,0.0,0.35826771653543305,0.6417322834645669,0.0,rh,0.6417322834645669,0.671980082988739,2,2,1,1,254,-0.6417322834645669,,,,,,,,,,,,,,,,,,,0.35826771653543305,0.6417322834645669,11,Body,0.0,False,False,False,False,False,112
1,115,full,0.0,Unlabeled,0.0,0.0,0.0,0.010526315789473684,0.2912280701754386,0.4280701754385965,0.0,0.08421052631578947,rh,0.4280701754385965,0.6453737616539001,2,2,1,0,285,-0.4280701754385965,,,,,,,,,,0.08421052631578947,,,,0.010526315789473684,0.010526315789473684,0.2912280701754386,0.10877192982456141,0.4280701754385965,0.028070175438596492,,29,Body,0.0,False,False,False,False,False,115
1,120,full,0.0,Unlabeled,0.3746958637469586,0.0,0.0,0.0,0.0,0.0,0.0,0.0535279805352798,rh,0.0535279805352798,0.5772696137428284,1,1,0,0,411,0.32116788321167883,0.3746958637469586,,,,,,,,,,0.0535279805352798,,,,,,,,,,189,Body,0.3746958637469586,False,True,True,False,False,120
1,121,full,0.0,Unlabeled,0.007042253521126761,0.0,0.0,0.0,0.0,0.0,0.0,0.0,rh,0.0,0.5746031403541565,0,0,0,0,284,0.007042253521126761,0.007042253521126761,,,,,,,,,,,,,,,,,,,,245,Body,0.007042253521126761,False,False,False,False,False,121
1,126,full,0.9920948616600791,Scene,0.0,0.0,0.9920948616600791,0.0,0.0,0.0,0.0,0.0,rh,0.9920948616600791,0.560015857219696,1,1,1,1,253,-0.9920948616600791,,,,,,,0.9920948616600791,,,,,,,,,,,,,,68,Body,0.0,False,False,False,False,False,126
1,127,full,0.6675461741424802,Scene,0.0,0.0,0.6675461741424802,0.0,0.0,0.17941952506596306,0.0,0.0,rh,0.6675461741424802,0.5553853511810303,2,1,1,1,379,-0.6675461741424802,,,,,,,0.6675461741424802,,,,,,,,,,,0.17941952506596306,,,50,Body,0.0,False,False,False,False,False,127
1,139,full,0.8819875776397516,Scene,0.0,0.0,0.8819875776397516,0.0,0.0,0.0,0.0,0.0,rh,0.8819875776397516,0.5084714889526367,1,1,1,1,161,-0.8819875776397516,,,,,,,0.8819875776397516,,,,,,,,,,,,,,61,Body,0.0,False,False,False,False,False,139
1,142,full,0.5294117647058824,Scene,0.0,0.0,0.5294117647058824,0.0,0.0,0.014705882352941176,0.0,0.0,rh,0.5294117647058824,0.4983658790588379,1,1,1,1,204,-0.5294117647058824,,,,,,,0.5294117647058824,,,,,,,,,,,0.014705882352941176,,,66,Body,0.0,False,False,False,False,False,142
1,168,full,0.0,Unlabeled,0.4474708171206226,0.4980544747081712,0.0,0.0,0.0,0.0,0.17120622568093385,0.0038910505836575876,rh,0.4980544747081712,0.3911610245704651,3,2,2,0,257,-0.050583657587548625,,0.4474708171206226,0.0038910505836575876,0.4980544747081712,,,,,,,0.0038910505836575876,,,,,,,,,0.17120622568093385,5,Body,0.4474708171206226,False,True,True,True,False,168
1,183,full,0.0,Unlabeled,0.0,0.0,0.0,0.0,0.0,0.0,0.0,0.0,rh,0.0,0.3607761263847351,0,0,0,0,193,0.0,,,,,,,,,,,,,,,,,,,,,216,Body,0.0,False,False,False,False,False,183
2,3,full,0.5196078431372549,V3,0.0,0.0,0.0,0.0,0.4803921568627451,0.5196078431372549,0.0,0.0,lh,0.5196078431372549,0.7609300017356873,2,2,2,1,204,-0.5196078431372549,,,,,,,,,,,,,,,,0.4803921568627451,,0.5196078431372549,,,57,Body,0.0,False,False,False,False,False,3
2,10,full,0.8818897637795275,Scene,0.0,0.0,0.8818897637795275,0.0,0.0,0.0,0.0,0.0,lh,0.8818897637795275,0.6811837553977966,1,1,1,1,381,-0.8818897637795275,,,,,,,,0.8818897637795275,,,,,,,,,,,,,12,Body,0.0,False,False,False,False,False,10
2,20,full,0.5092592592592593,V3,0.0,0.05555555555555555,0.0,0.0,0.4166666666666667,0.5092592592592593,0.0,0.0,lh,0.5092592592592593,0.5701537728309631,2,2,2,1,216,-0.5092592592592593,,,,,,0.05555555555555555,,,,,,,,,,0.4166666666666667,0.037037037037037035,0.5092592592592593,0.032407407407407406,,32,Body,0.0,False,False,False,False,False,20
2,29,full,1.0,Scene,0.0,0.0,1.0,0.0,0.0,0.0,0.0,0.0,lh,1.0,0.5202304720878601,1,1,1,1,146,-1.0,,,,,,,1.0,,,,,,,,,,,,,,188,Body,0.0,False,False,False,False,False,29
2,35,full,0.0,Unlabeled,0.0,0.0,0.48863636363636365,0.0,0.0,0.0,0.0,0.0,lh,0.48863636363636365,0.5053406357765198,1,1,1,0,176,-0.48863636363636365,,,,,,,0.48863636363636365,,,,,,,,,,,,,,189,Body,0.0,False,False,False,False,False,35
2,36,full,0.0,Unlabeled,0.244,0.0,0.0,0.0,0.0,0.108,0.0,0.204,lh,0.204,0.4952622056007385,3,0,0,0,250,0.04000000000000001,0.244,,,,,,,,,0.204,,,,,,,,0.108,,,33,Body,0.244,False,True,False,False,False,36
2,38,full,0.9536585365853658,Word,0.17073170731707318,0.17560975609756097,0.0,0.0,0.0,0.0,0.0,0.9536585365853658,lh,0.9536585365853658,0.48745402693748474,3,1,1,1,410,-0.7829268292682926,0.0024390243902439024,0.17073170731707318,,0.17560975609756097,,,,,,,0.9536585365853658,,,,,,,,,,11,Body,0.17073170731707318,False,True,False,False,False,38
2,40,full,0.9453125,Scene,0.078125,0.0,0.9453125,0.0,0.0,0.0,0.0,0.0,lh,0.9453125,0.4810301959514618,1,1,1,1,128,-0.8671875,0.078125,,,,,,0.9453125,,,,,,,,,,,,,,64,Body,0.078125,False,False,False,False,False,40
2,49,full,0.0,Unlabeled,0.0,0.0,0.0,0.0,0.0,0.0,0.0,0.0,lh,0.0,0.45416495203971863,0,0,0,0,365,0.0,,,,,,,,,,,,,,,,,,,,,233,Body,0.0,False,False,False,False,False,49
2,53,full,0.0,Unlabeled,0.0,0.0,0.0,0.0,0.0,0.0,0.0,0.0,lh,0.0,0.4396008551120758,0,0,0,0,305,0.0,,,,,,,,,,,,,,,,,,,,,200,Body,0.0,False,False,False,False,False,53
2,58,full,0.0,Unlabeled,0.0,0.0,0.29385964912280704,0.0,0.0,0.0,0.0,0.0,lh,0.29385964912280704,0.4188014268875122,1,1,0,0,228,-0.29385964912280704,,,,,,,,,0.29385964912280704,,,,,,,,,,,,471,Body,0.0,False,False,False,False,False,58
2,100,full,0.0,Unlabeled,0.375609756097561,0.0,0.0,0.0,0.0,0.0,0.0,0.0,rh,0.0,0.8820629119873047,1,1,0,0,205,0.375609756097561,0.375609756097561,,,,,,,,,,,,,,,,,,,,190,Body,0.375609756097561,False,True,True,False,False,100
2,112,full,0.6417322834645669,V4,0.0,0.0,0.0,0.0,0.0,0.35826771653543305,0.6417322834645669,0.0,rh,0.6417322834645669,0.671980082988739,2,2,1,1,254,-0.6417322834645669,,,,,,,,,,,,,,,,,,,0.35826771653543305,0.6417322834645669,11,Body,0.0,False,False,False,False,False,112
2,115,full,0.0,Unlabeled,0.0,0.0,0.0,0.010526315789473684,0.2912280701754386,0.4280701754385965,0.0,0.08421052631578947,rh,0.4280701754385965,0.6453737616539001,2,2,1,0,285,-0.4280701754385965,,,,,,,,,,0.08421052631578947,,,,0.010526315789473684,0.010526315789473684,0.2912280701754386,0.10877192982456141,0.4280701754385965,0.028070175438596492,,29,Body,0.0,False,False,False,False,False,115
2,116,full,0.5745614035087719,V3,0.0,0.0,0.021929824561403508,0.0,0.2675438596491228,0.5745614035087719,0.0,0.0,rh,0.5745614035087719,0.6341803073883057,2,2,1,1,228,-0.5745614035087719,,,,,,,0.021929824561403508,,,,,,,,,0.2675438596491228,,0.5745614035087719,,,57,Body,0.0,False,False,False,False,False,116
2,119,full,0.0,Unlabeled,0.0,0.0,0.0,0.0,0.0,0.0,0.0,0.0,rh,0.0,0.5871975421905518,0,0,0,0,244,0.0,,,,,,,,,,,,,,,,,,,,,224,Body,0.0,False,False,False,False,False,119
2,121,full,0.0,Unlabeled,0.007042253521126761,0.0,0.0,0.0,0.0,0.0,0.0,0.0,rh,0.0,0.5746031403541565,0,0,0,0,284,0.007042253521126761,0.007042253521126761,,,,,,,,,,,,,,,,,,,,245,Body,0.007042253521126761,False,False,False,False,False,121
2,124,full,0.5807453416149069,V2,0.0,0.0,0.0,0.059006211180124224,0.5807453416149069,0.36024844720496896,0.0,0.0,rh,0.5807453416149069,0.563030481338501,2,2,1,1,322,-0.5807453416149069,,,,,,,,,,,,,,0.059006211180124224,,0.5807453416149069,,0.36024844720496896,,,44,Body,0.0,False,False,False,False,False,124
2,129,full,0.0,Unlabeled,0.18666666666666668,0.0,0.0,0.0,0.0,0.0,0.0,0.0,rh,0.0,0.5526844263076782,1,0,0,0,300,0.18666666666666668,0.18666666666666668,,,,,,,,,,,,,,,,,,,,412,Body,0.18666666666666668,False,True,False,False,False,129
2,131,full,0.0,Unlabeled,0.0,0.0,0.1437308868501529,0.0,0.0,0.0,0.0,0.0,rh,0.1437308868501529,0.5463010668754578,1,0,0,0,327,-0.1437308868501529,,,,,,,,0.1437308868501529,,,,,,,,,,,,,8,Body,0.0,False,False,False,False,False,131
2,135,full,0.9678714859437751,Scene,0.0,0.0,0.9678714859437751,0.0,0.0,0.0,0.0,0.0,rh,0.9678714859437751,0.5278515219688416,1,1,1,1,249,-0.9678714859437751,,,,,,,,0.9678714859437751,,,,,,,,,,,,,12,Body,0.0,False,False,False,False,False,135
2,140,full,0.7802197802197802,Scene,0.0,0.0,0.7802197802197802,0.0,0.0,0.0,0.0,0.0,rh,0.7802197802197802,0.5040353536605835,1,1,1,1,182,-0.7802197802197802,,,,,,,0.7802197802197802,,,,,,,,,,,,,,71,Body,0.0,False,False,False,False,False,140
2,149,full,0.0,Unlabeled,0.0,0.0,0.0,0.0,0.0,0.0,0.0,0.0,rh,0.0,0.47452762722969055,0,0,0,0,262,0.0,,,,,,,,,,,,,,,,,,,,,387,Body,0.0,False,False,False,False,False,149
2,180,full,0.0,Unlabeled,0.0,0.0,0.0,0.0,0.0,0.0,0.0,0.0,rh,0.0,0.3636428713798523,0,0,0,0,223,0.0,,,,,,,,,,,,,,,,,,,,,390,Body,0.0,False,False,False,False,False,180
3,5,full,0.550314465408805,V1,0.0,0.0,0.0,0.550314465408805,0.2672955974842767,0.0,0.0,0.0,lh,0.550314465408805,0.7401266098022461,2,2,1,1,318,-0.550314465408805,,,,,,,,,,,,,,,0.550314465408805,,0.2672955974842767,,,,26,Body,0.0,False,False,False,False,False,5
3,10,full,0.8818897637795275,Scene,0.0,0.0,0.8818897637795275,0.0,0.0,0.0,0.0,0.0,lh,0.8818897637795275,0.6811837553977966,1,1,1,1,381,-0.8818897637795275,,,,,,,,0.8818897637795275,,,,,,,,,,,,,12,Body,0.0,False,False,False,False,False,10
3,19,full,0.0,Unlabeled,0.0,0.0,0.33516483516483514,0.0,0.0,0.31868131868131866,0.0,0.0,lh,0.33516483516483514,0.5719456672668457,2,2,0,0,182,-0.33516483516483514,,,,,,,0.33516483516483514,,,,,,,,,,,0.31868131868131866,,,63,Body,0.0,False,False,False,False,False,19
3,22,full,0.5540540540540541,Face,0.0,0.5540540540540541,0.0,0.0,0.036036036036036036,0.527027027027027,0.22522522522522523,0.2972972972972973,lh,0.5540540540540541,0.552130937576294,4,3,2,2,222,-0.5540540540540541,,,,,,0.5540540540540541,,,,0.2972972972972973,,,,,,,0.036036036036036036,,0.527027027027027,0.22522522522522523,23,Body,0.0,False,False,False,False,False,22
3,24,full,0.7621621621621621,Scene,0.0,0.0,0.7621621621621621,0.0,0.0,0.0,0.0,0.0,lh,0.7621621621621621,0.5441173315048218,1,1,1,1,370,-0.7621621621621621,,,,,,,0.7621621621621621,,,,,,,,,,,,,,71,Body,0.0,False,False,False,False,False,24
3,26,full,0.7528089887640449,V4,0.0,0.0,0.0,0.0,0.0,0.21348314606741572,0.7528089887640449,0.0,lh,0.7528089887640449,0.5347240567207336,2,1,1,1,178,-0.7528089887640449,,,,,,,,,,,,,,,,,,,0.21348314606741572,0.7528089887640449,9,Body,0.0,False,False,False,False,False,26
3,29,full,1.0,Scene,0.0,0.0,1.0,0.0,0.0,0.0,0.0,0.0,lh,1.0,0.5202304720878601,1,1,1,1,146,-1.0,,,,,,,1.0,,,,,,,,,,,,,,188,Body,0.0,False,False,False,False,False,29
3,31,full,0.0,Unlabeled,0.37423312883435583,0.4662576687116564,0.0,0.0,0.0,0.0,0.0,0.3098159509202454,lh,0.4662576687116564,0.514133870601654,3,3,1,0,326,-0.09202453987730058,0.37423312883435583,,,,,0.4662576687116564,,,,0.3098159509202454,0.2361963190184049,,,,,,,,,,28,Body,0.37423312883435583,False,True,True,False,False,31
3,47,full,0.0,Unlabeled,0.031746031746031744,0.023809523809523808,0.0,0.0,0.0,0.0,0.0,0.23809523809523808,lh,0.23809523809523808,0.4623631536960602,1,0,0,0,252,-0.20634920634920634,,0.031746031746031744,,0.023809523809523808,,,,,,,,,0.23809523809523808,,,,,,,,3,Body,0.031746031746031744,False,False,False,False,False,47
3,51,full,0.7104072398190046,Scene,0.0,0.0,0.7104072398190046,0.0,0.0,0.0,0.0,0.0,lh,0.7104072398190046,0.4430970847606659,1,1,1,1,221,-0.7104072398190046,,,,,,,0.7104072398190046,,,,,,,,,,,,,,73,Body,0.0,False,False,False,False,False,51
3,55,full,0.0,Unlabeled,0.0,0.0,0.05573770491803279,0.0,0.0,0.0,0.0,0.0,lh,0.05573770491803279,0.42933809757232666,0,0,0,0,305,-0.05573770491803279,,,,,,,0.05573770491803279,,,,,,,,,,,,,,192,Body,0.0,False,False,False,False,False,55
3,103,full,0.6197916666666666,V2,0.0,0.0,0.0,0.3802083333333333,0.6197916666666666,0.0,0.0,0.0,rh,0.6197916666666666,0.7783543467521667,2,2,1,1,192,-0.6197916666666666,,,,,,,,,,,,,,,0.3802083333333333,,0.6197916666666666,,,,24,Body,0.0,False,False,False,False,False,103
3,108,full,0.7094339622641509,V1,0.0,0.0,0.0,0.7094339622641509,0.0,0.0,0.0,0.0,rh,0.7094339622641509,0.7057465314865112,1,1,1,1,265,-0.7094339622641509,,,,,,,,,,,,,,0.7094339622641509,0.18867924528301888,,,,,,37,Body,0.0,False,False,False,False,False,108
3,115,full,0.0,Unlabeled,0.0,0.0,0.0,0.010526315789473684,0.2912280701754386,0.4280701754385965,0.0,0.08421052631578947,rh,0.4280701754385965,0.6453737616539001,2,2,1,0,285,-0.4280701754385965,,,,,,,,,,0.08421052631578947,,,,0.010526315789473684,0.010526315789473684,0.2912280701754386,0.10877192982456141,0.4280701754385965,0.028070175438596492,,29,Body,0.0,False,False,False,False,False,115
3,116,full,0.5745614035087719,V3,0.0,0.0,0.021929824561403508,0.0,0.2675438596491228,0.5745614035087719,0.0,0.0,rh,0.5745614035087719,0.6341803073883057,2,2,1,1,228,-0.5745614035087719,,,,,,,0.021929824561403508,,,,,,,,,0.2675438596491228,,0.5745614035087719,,,57,Body,0.0,False,False,False,False,False,116
3,119,full,0.0,Unlabeled,0.0,0.0,0.0,0.0,0.0,0.0,0.0,0.0,rh,0.0,0.5871975421905518,0,0,0,0,244,0.0,,,,,,,,,,,,,,,,,,,,,224,Body,0.0,False,False,False,False,False,119
3,123,full,0.5975103734439834,V2,0.0,0.0,0.0,0.0,0.5975103734439834,0.4024896265560166,0.0,0.0,rh,0.5975103734439834,0.5699483156204224,2,2,2,1,241,-0.5975103734439834,,,,,,,,,,,,,,,,,0.5975103734439834,,0.4024896265560166,,17,Body,0.0,False,False,False,False,False,123
3,126,full,0.9920948616600791,Scene,0.0,0.0,0.9920948616600791,0.0,0.0,0.0,0.0,0.0,rh,0.9920948616600791,0.560015857219696,1,1,1,1,253,-0.9920948616600791,,,,,,,0.9920948616600791,,,,,,,,,,,,,,68,Body,0.0,False,False,False,False,False,126
3,134,full,0.0,Unlabeled,0.0,0.0,0.0,0.0,0.4867549668874172,0.3079470198675497,0.0,0.0,rh,0.4867549668874172,0.5336077809333801,2,2,1,0,302,-0.4867549668874172,,,,,,,,,,,,,,,,0.4867549668874172,,0.3079470198675497,,,60,Body,0.0,False,False,False,False,False,134
3,140,full,0.7802197802197802,Scene,0.0,0.0,0.7802197802197802,0.0,0.0,0.0,0.0,0.0,rh,0.7802197802197802,0.5040353536605835,1,1,1,1,182,-0.7802197802197802,,,,,,,0.7802197802197802,,,,,,,,,,,,,,71,Body,0.0,False,False,False,False,False,140
3,143,full,0.7455357142857143,V3,0.0,0.013392857142857142,0.0,0.0,0.05357142857142857,0.7455357142857143,0.07589285714285714,0.625,rh,0.7455357142857143,0.4982433319091797,2,2,2,2,224,-0.7455357142857143,,,,,,0.013392857142857142,,,,0.625,,,,,,,0.05357142857142857,0.008928571428571428,0.7455357142857143,0.07589285714285714,19,Body,0.0,False,False,False,False,False,143
3,147,full,0.0,Unlabeled,0.0,0.0,0.1398176291793313,0.0,0.0,0.0,0.0,0.3465045592705167,rh,0.3465045592705167,0.49031317234039307,2,1,0,0,329,-0.3465045592705167,,,,,,,0.1398176291793313,,,0.3465045592705167,,,,,,,,,,,34,Body,0.0,False,False,False,False,False,147
3,151,full,0.0,Unlabeled,0.0,0.0,0.0,0.0,0.0,0.0,0.0,0.0,rh,0.0,0.4700580835342407,0,0,0,0,249,0.0,,,,,,,,,,,,,,,,,,,,,79,Body,0.0,False,False,False,False,False,151
3,193,full,0.0,Unlabeled,0.0,0.0,0.0,0.0,0.0,0.0,0.0,0.0,rh,0.0,0.33172550797462463,0,0,0,0,226,0.0,,,,,,,,,,,,,,,,,,,,,256,Body,0.0,False,False,False,False,False,193
4,11,full,0.5398773006134969,V3,0.0,0.0,0.0,0.0,0.4601226993865031,0.5398773006134969,0.0,0.0,lh,0.5398773006134969,0.6668669581413269,2,2,2,1,326,-0.5398773006134969,,,,,,,,,,,,,,,,0.4601226993865031,,0.5398773006134969,,,48,Body,0.0,False,False,False,False,False,11
4,14,full,0.0,Unlabeled,0.0,0.0,0.0,0.0,0.0,0.06748466257668712,0.08588957055214724,0.0,lh,0.08588957055214724,0.6395871043205261,0,0,0,0,326,-0.08588957055214724,,,,,,,,,,,,,,,,,,,0.06748466257668712,0.08588957055214724,10,Body,0.0,False,False,False,False,False,14
4,17,full,0.7777777777777778,V1,0.0,0.0,0.0,0.7777777777777778,0.06790123456790123,0.0,0.0,0.0,lh,0.7777777777777778,0.6222882866859436,1,1,1,1,162,-0.7777777777777778,,,,,,,,,,,,,,0.7777777777777778,,0.06790123456790123,,,,,51,Body,0.0,False,False,False,False,False,17
4,21,full,1.0,Scene,0.10091743119266056,0.0,1.0,0.0,0.0,0.0,0.0,0.0,lh,1.0,0.5547806024551392,2,1,1,1,109,-0.8990825688073394,0.10091743119266056,,,,,,1.0,,,,,,,,,,,,,,185,Body,0.10091743119266056,False,True,False,False,False,21
4,25,full,0.75,Scene,0.0,0.0,0.75,0.0,0.0,0.0,0.0,0.0,lh,0.75,0.5363700985908508,1,1,1,1,80,-0.75,,,,,,,,,0.75,,,,,,,,,,,,54,Body,0.0,False,False,False,False,False,25
4,32,full,0.0,Unlabeled,0.20123839009287925,0.0,0.015479876160990712,0.0,0.0,0.2043343653250774,0.0,0.0,lh,0.2043343653250774,0.5134915113449097,2,0,0,0,323,-0.0030959752321981504,0.20123839009287925,,,,,,0.015479876160990712,,,,,,,,,,,0.2043343653250774,,,52,Body,0.20123839009287925,False,True,False,False,False,32
4,35,full,0.0,Unlabeled,0.0,0.0,0.48863636363636365,0.0,0.0,0.0,0.0,0.0,lh,0.48863636363636365,0.5053406357765198,1,1,1,0,176,-0.48863636363636365,,,,,,,0.48863636363636365,,,,,,,,,,,,,,189,Body,0.0,False,False,False,False,False,35
4,38,full,0.9536585365853658,Word,0.17073170731707318,0.17560975609756097,0.0,0.0,0.0,0.0,0.0,0.9536585365853658,lh,0.9536585365853658,0.48745402693748474,3,1,1,1,410,-0.7829268292682926,0.0024390243902439024,0.17073170731707318,,0.17560975609756097,,,,,,,0.9536585365853658,,,,,,,,,,11,Body,0.17073170731707318,False,True,False,False,False,38
4,49,full,0.0,Unlabeled,0.0,0.0,0.0,0.0,0.0,0.0,0.0,0.0,lh,0.0,0.45416495203971863,0,0,0,0,365,0.0,,,,,,,,,,,,,,,,,,,,,233,Body,0.0,False,False,False,False,False,49
4,51,full,0.7104072398190046,Scene,0.0,0.0,0.7104072398190046,0.0,0.0,0.0,0.0,0.0,lh,0.7104072398190046,0.4430970847606659,1,1,1,1,221,-0.7104072398190046,,,,,,,0.7104072398190046,,,,,,,,,,,,,,73,Body,0.0,False,False,False,False,False,51
4,56,full,0.0,Unlabeled,0.0,0.0,0.004651162790697674,0.0,0.07441860465116279,0.4790697674418605,0.0,0.0,lh,0.4790697674418605,0.42858341336250305,1,1,1,0,215,-0.4790697674418605,,,,,,,0.004651162790697674,,,,,,,,,0.07441860465116279,,0.4790697674418605,,,67,Body,0.0,False,False,False,False,False,56
4,100,full,0.0,Unlabeled,0.375609756097561,0.0,0.0,0.0,0.0,0.0,0.0,0.0,rh,0.0,0.8820629119873047,1,1,0,0,205,0.375609756097561,0.375609756097561,,,,,,,,,,,,,,,,,,,,190,Body,0.375609756097561,False,True,True,False,False,100
4,108,full,0.7094339622641509,V1,0.0,0.0,0.0,0.7094339622641509,0.0,0.0,0.0,0.0,rh,0.7094339622641509,0.7057465314865112,1,1,1,1,265,-0.7094339622641509,,,,,,,,,,,,,,0.7094339622641509,0.18867924528301888,,,,,,37,Body,0.0,False,False,False,False,False,108
4,112,full,0.6417322834645669,V4,0.0,0.0,0.0,0.0,0.0,0.35826771653543305,0.6417322834645669,0.0,rh,0.6417322834645669,0.671980082988739,2,2,1,1,254,-0.6417322834645669,,,,,,,,,,,,,,,,,,,0.35826771653543305,0.6417322834645669,11,Body,0.0,False,False,False,False,False,112
4,116,full,0.5745614035087719,V3,0.0,0.0,0.021929824561403508,0.0,0.2675438596491228,0.5745614035087719,0.0,0.0,rh,0.5745614035087719,0.6341803073883057,2,2,1,1,228,-0.5745614035087719,,,,,,,0.021929824561403508,,,,,,,,,0.2675438596491228,,0.5745614035087719,,,57,Body,0.0,False,False,False,False,False,116
4,119,full,0.0,Unlabeled,0.0,0.0,0.0,0.0,0.0,0.0,0.0,0.0,rh,0.0,0.5871975421905518,0,0,0,0,244,0.0,,,,,,,,,,,,,,,,,,,,,224,Body,0.0,False,False,False,False,False,119
4,121,full,0.0,Unlabeled,0.007042253521126761,0.0,0.0,0.0,0.0,0.0,0.0,0.0,rh,0.0,0.5746031403541565,0,0,0,0,284,0.007042253521126761,0.007042253521126761,,,,,,,,,,,,,,,,,,,,245,Body,0.007042253521126761,False,False,False,False,False,121
4,127,full,0.6675461741424802,Scene,0.0,0.0,0.6675461741424802,0.0,0.0,0.17941952506596306,0.0,0.0,rh,0.6675461741424802,0.5553853511810303,2,1,1,1,379,-0.6675461741424802,,,,,,,0.6675461741424802,,,,,,,,,,,0.17941952506596306,,,50,Body,0.0,False,False,False,False,False,127
4,129,full,0.0,Unlabeled,0.18666666666666668,0.0,0.0,0.0,0.0,0.0,0.0,0.0,rh,0.0,0.5526844263076782,1,0,0,0,300,0.18666666666666668,0.18666666666666668,,,,,,,,,,,,,,,,,,,,412,Body,0.18666666666666668,False,True,False,False,False,129
4,130,full,0.9212121212121213,V1,0.0,0.0,0.0,0.9212121212121213,0.012121212121212121,0.0,0.0,0.0,rh,0.9212121212121213,0.548660159111023,1,1,1,1,165,-0.9212121212121213,,,,,,,,,,,,,,0.9212121212121213,0.06666666666666667,0.012121212121212121,,,,,36,Body,0.0,False,False,False,False,False,130
4,132,full,0.6193548387096774,Scene,0.0,0.0,0.6193548387096774,0.0,0.0,0.0,0.0,0.0,rh,0.6193548387096774,0.5432421565055847,1,1,1,1,310,-0.6193548387096774,,,,,,,,0.6193548387096774,,,,,,,,,,,,,6,Body,0.0,False,False,False,False,False,132
4,137,full,0.0,Unlabeled,0.0,0.0,0.0,0.0,0.0,0.0,0.0,0.0,rh,0.0,0.522820770740509,0,0,0,0,203,0.0,,,,,,,,,,,,,,,,,,,,,252,Body,0.0,False,False,False,False,False,137
4,143,full,0.7455357142857143,V3,0.0,0.013392857142857142,0.0,0.0,0.05357142857142857,0.7455357142857143,0.07589285714285714,0.625,rh,0.7455357142857143,0.4982433319091797,2,2,2,2,224,-0.7455357142857143,,,,,,0.013392857142857142,,,,0.625,,,,,,,0.05357142857142857,0.008928571428571428,0.7455357142857143,0.07589285714285714,19,Body,0.0,False,False,False,False,False,143
4,183,full,0.0,Unlabeled,0.0,0.0,0.0,0.0,0.0,0.0,0.0,0.0,rh,0.0,0.3607761263847351,0,0,0,0,193,0.0,,,,,,,,,,,,,,,,,,,,,216,Body,0.0,False,False,False,False,False,183
5,4,full,0.553921568627451,V2,0.0,0.0,0.0,0.0,0.553921568627451,0.4166666666666667,0.029411764705882353,0.0,lh,0.553921568627451,0.7592077255249023,2,2,2,1,408,-0.553921568627451,,,,,,,,,,,,,,,,,0.553921568627451,,0.4166666666666667,0.029411764705882353,13,Body,0.0,False,False,False,False,False,4
5,11,full,0.5398773006134969,V3,0.0,0.0,0.0,0.0,0.4601226993865031,0.5398773006134969,0.0,0.0,lh,0.5398773006134969,0.6668669581413269,2,2,2,1,326,-0.5398773006134969,,,,,,,,,,,,,,,,0.4601226993865031,,0.5398773006134969,,,48,Body,0.0,False,False,False,False,False,11
5,17,full,0.7777777777777778,V1,0.0,0.0,0.0,0.7777777777777778,0.06790123456790123,0.0,0.0,0.0,lh,0.7777777777777778,0.6222882866859436,1,1,1,1,162,-0.7777777777777778,,,,,,,,,,,,,,0.7777777777777778,,0.06790123456790123,,,,,51,Body,0.0,False,False,False,False,False,17
5,22,full,0.5540540540540541,Face,0.0,0.5540540540540541,0.0,0.0,0.036036036036036036,0.527027027027027,0.22522522522522523,0.2972972972972973,lh,0.5540540540540541,0.552130937576294,4,3,2,2,222,-0.5540540540540541,,,,,,0.5540540540540541,,,,0.2972972972972973,,,,,,,0.036036036036036036,,0.527027027027027,0.22522522522522523,23,Body,0.0,False,False,False,False,False,22
5,24,full,0.7621621621621621,Scene,0.0,0.0,0.7621621621621621,0.0,0.0,0.0,0.0,0.0,lh,0.7621621621621621,0.5441173315048218,1,1,1,1,370,-0.7621621621621621,,,,,,,0.7621621621621621,,,,,,,,,,,,,,71,Body,0.0,False,False,False,False,False,24
5,35,full,0.0,Unlabeled,0.0,0.0,0.48863636363636365,0.0,0.0,0.0,0.0,0.0,lh,0.48863636363636365,0.5053406357765198,1,1,1,0,176,-0.48863636363636365,,,,,,,0.48863636363636365,,,,,,,,,,,,,,189,Body,0.0,False,False,False,False,False,35
5,36,full,0.0,Unlabeled,0.244,0.0,0.0,0.0,0.0,0.108,0.0,0.204,lh,0.204,0.4952622056007385,3,0,0,0,250,0.04000000000000001,0.244,,,,,,,,,0.204,,,,,,,,0.108,,,33,Body,0.244,False,True,False,False,False,36
5,49,full,0.0,Unlabeled,0.0,0.0,0.0,0.0,0.0,0.0,0.0,0.0,lh,0.0,0.45416495203971863,0,0,0,0,365,0.0,,,,,,,,,,,,,,,,,,,,,233,Body,0.0,False,False,False,False,False,49
5,55,full,0.0,Unlabeled,0.0,0.0,0.05573770491803279,0.0,0.0,0.0,0.0,0.0,lh,0.05573770491803279,0.42933809757232666,0,0,0,0,305,-0.05573770491803279,,,,,,,0.05573770491803279,,,,,,,,,,,,,,192,Body,0.0,False,False,False,False,False,55
5,56,full,0.0,Unlabeled,0.0,0.0,0.004651162790697674,0.0,0.07441860465116279,0.4790697674418605,0.0,0.0,lh,0.4790697674418605,0.42858341336250305,1,1,1,0,215,-0.4790697674418605,,,,,,,0.004651162790697674,,,,,,,,,0.07441860465116279,,0.4790697674418605,,,67,Body,0.0,False,False,False,False,False,56
5,58,full,0.0,Unlabeled,0.0,0.0,0.29385964912280704,0.0,0.0,0.0,0.0,0.0,lh,0.29385964912280704,0.4188014268875122,1,1,0,0,228,-0.29385964912280704,,,,,,,,,0.29385964912280704,,,,,,,,,,,,471,Body,0.0,False,False,False,False,False,58
5,108,full,0.7094339622641509,V1,0.0,0.0,0.0,0.7094339622641509,0.0,0.0,0.0,0.0,rh,0.7094339622641509,0.7057465314865112,1,1,1,1,265,-0.7094339622641509,,,,,,,,,,,,,,0.7094339622641509,0.18867924528301888,,,,,,37,Body,0.0,False,False,False,False,False,108
5,109,full,1.0,V1,0.0,0.0,0.0,1.0,0.0,0.0,0.0,0.0,rh,1.0,0.7047218680381775,1,1,1,1,210,-1.0,,,,,,,,,,,,,,1.0,,,,,,,45,Body,0.0,False,False,False,False,False,109
5,116,full,0.5745614035087719,V3,0.0,0.0,0.021929824561403508,0.0,0.2675438596491228,0.5745614035087719,0.0,0.0,rh,0.5745614035087719,0.6341803073883057,2,2,1,1,228,-0.5745614035087719,,,,,,,0.021929824561403508,,,,,,,,,0.2675438596491228,,0.5745614035087719,,,57,Body,0.0,False,False,False,False,False,116
5,119,full,0.0,Unlabeled,0.0,0.0,0.0,0.0,0.0,0.0,0.0,0.0,rh,0.0,0.5871975421905518,0,0,0,0,244,0.0,,,,,,,,,,,,,,,,,,,,,224,Body,0.0,False,False,False,False,False,119
5,123,full,0.5975103734439834,V2,0.0,0.0,0.0,0.0,0.5975103734439834,0.4024896265560166,0.0,0.0,rh,0.5975103734439834,0.5699483156204224,2,2,2,1,241,-0.5975103734439834,,,,,,,,,,,,,,,,,0.5975103734439834,,0.4024896265560166,,17,Body,0.0,False,False,False,False,False,123
5,124,full,0.5807453416149069,V2,0.0,0.0,0.0,0.059006211180124224,0.5807453416149069,0.36024844720496896,0.0,0.0,rh,0.5807453416149069,0.563030481338501,2,2,1,1,322,-0.5807453416149069,,,,,,,,,,,,,,0.059006211180124224,,0.5807453416149069,,0.36024844720496896,,,44,Body,0.0,False,False,False,False,False,124
5,126,full,0.9920948616600791,Scene,0.0,0.0,0.9920948616600791,0.0,0.0,0.0,0.0,0.0,rh,0.9920948616600791,0.560015857219696,1,1,1,1,253,-0.9920948616600791,,,,,,,0.9920948616600791,,,,,,,,,,,,,,68,Body,0.0,False,False,False,False,False,126
5,128,full,0.8444444444444444,Scene,0.0,0.0,0.8444444444444444,0.0,0.0,0.0,0.0,0.0,rh,0.8444444444444444,0.5537439584732056,1,1,1,1,315,-0.8444444444444444,,,,,,,0.8444444444444444,,,,,,,,,,,,,,76,Body,0.0,False,False,False,False,False,128
5,132,full,0.6193548387096774,Scene,0.0,0.0,0.6193548387096774,0.0,0.0,0.0,0.0,0.0,rh,0.6193548387096774,0.5432421565055847,1,1,1,1,310,-0.6193548387096774,,,,,,,,0.6193548387096774,,,,,,,,,,,,,6,Body,0.0,False,False,False,False,False,132
5,137,full,0.0,Unlabeled,0.0,0.0,0.0,0.0,0.0,0.0,0.0,0.0,rh,0.0,0.522820770740509,0,0,0,0,203,0.0,,,,,,,,,,,,,,,,,,,,,252,Body,0.0,False,False,False,False,False,137
5,156,full,0.82,Scene,0.0,0.0,0.82,0.0,0.0,0.0,0.0,0.0,rh,0.82,0.44249382615089417,1,1,1,1,250,-0.82,,,,,,,0.82,,,,,,,,,,,,,,75,Body,0.0,False,False,False,False,False,156
5,159,full,0.6464435146443515,Scene,0.0,0.0,0.6464435146443515,0.0,0.0,0.0,0.0,0.0,rh,0.6464435146443515,0.42318758368492126,1,1,1,1,478,-0.6464435146443515,,,,,,,,,0.6464435146443515,,,,,,,,,,,,481,Body,0.0,False,False,False,False,False,159
5,188,full,0.0,Unlabeled,0.0,0.0,0.0,0.0,0.0,0.0,0.0,0.0,rh,0.0,0.3450150191783905,0,0,0,0,190,0.0,,,,,,,,,,,,,,,,,,,,,201,Body,0.0,False,False,False,False,False,188
1,3,equal4,0.5196078431372549,V3,0.0,0.0,0.0,0.0,0.4803921568627451,0.5196078431372549,0.0,0.0,lh,0.5196078431372549,0.7609300017356873,2,2,2,1,204,-0.5196078431372549,,,,,,,,,,,,,,,,0.4803921568627451,,0.5196078431372549,,,57,Body,0.0,False,False,False,False,False,3
1,103,equal4,0.6197916666666666,V2,0.0,0.0,0.0,0.3802083333333333,0.6197916666666666,0.0,0.0,0.0,rh,0.6197916666666666,0.7783543467521667,2,2,1,1,192,-0.6197916666666666,,,,,,,,,,,,,,,0.3802083333333333,,0.6197916666666666,,,,24,Body,0.0,False,False,False,False,False,103
1,109,equal4,1.0,V1,0.0,0.0,0.0,1.0,0.0,0.0,0.0,0.0,rh,1.0,0.7047218680381775,1,1,1,1,210,-1.0,,,,,,,,,,,,,,1.0,,,,,,,45,Body,0.0,False,False,False,False,False,109
1,121,equal4,0.0,Unlabeled,0.007042253521126761,0.0,0.0,0.0,0.0,0.0,0.0,0.0,rh,0.0,0.5746031403541565,0,0,0,0,284,0.007042253521126761,0.007042253521126761,,,,,,,,,,,,,,,,,,,,245,Body,0.007042253521126761,False,False,False,False,False,121
2,14,equal4,0.0,Unlabeled,0.0,0.0,0.0,0.0,0.0,0.06748466257668712,0.08588957055214724,0.0,lh,0.08588957055214724,0.6395871043205261,0,0,0,0,326,-0.08588957055214724,,,,,,,,,,,,,,,,,,,0.06748466257668712,0.08588957055214724,10,Body,0.0,False,False,False,False,False,14
2,101,equal4,0.5045454545454545,V2,0.0,0.0,0.0,0.0,0.5045454545454545,0.4954545454545455,0.0,0.0,rh,0.5045454545454545,0.7969893217086792,2,2,2,1,440,-0.5045454545454545,,,,,,,,,,,,,,,,,0.5045454545454545,,0.4954545454545455,,16,Body,0.0,False,False,False,False,False,101
2,103,equal4,0.6197916666666666,V2,0.0,0.0,0.0,0.3802083333333333,0.6197916666666666,0.0,0.0,0.0,rh,0.6197916666666666,0.7783543467521667,2,2,1,1,192,-0.6197916666666666,,,,,,,,,,,,,,,0.3802083333333333,,0.6197916666666666,,,,24,Body,0.0,False,False,False,False,False,103
2,112,equal4,0.6417322834645669,V4,0.0,0.0,0.0,0.0,0.0,0.35826771653543305,0.6417322834645669,0.0,rh,0.6417322834645669,0.671980082988739,2,2,1,1,254,-0.6417322834645669,,,,,,,,,,,,,,,,,,,0.35826771653543305,0.6417322834645669,11,Body,0.0,False,False,False,False,False,112
3,10,equal4,0.8818897637795275,Scene,0.0,0.0,0.8818897637795275,0.0,0.0,0.0,0.0,0.0,lh,0.8818897637795275,0.6811837553977966,1,1,1,1,381,-0.8818897637795275,,,,,,,,0.8818897637795275,,,,,,,,,,,,,12,Body,0.0,False,False,False,False,False,10
3,107,equal4,0.0,Unlabeled,0.0,0.0,0.0,0.4477124183006536,0.13398692810457516,0.0,0.0,0.0,rh,0.4477124183006536,0.7308821678161621,2,1,1,0,306,-0.4477124183006536,,,,,,,,,,,,,,0.4477124183006536,0.41830065359477125,,0.13398692810457516,,,,28,Body,0.0,False,False,False,False,False,107
3,114,equal4,0.5217391304347826,V2,0.0,0.0,0.0,0.16847826086956522,0.5217391304347826,0.0,0.0,0.0,rh,0.5217391304347826,0.6665645241737366,2,1,1,1,184,-0.5217391304347826,,,,,,,,,,,,,,0.16847826086956522,,0.5217391304347826,,,,,58,Body,0.0,False,False,False,False,False,114
3,121,equal4,0.0,Unlabeled,0.007042253521126761,0.0,0.0,0.0,0.0,0.0,0.0,0.0,rh,0.0,0.5746031403541565,0,0,0,0,284,0.007042253521126761,0.007042253521126761,,,,,,,,,,,,,,,,,,,,245,Body,0.007042253521126761,False,False,False,False,False,121
4,5,equal4,0.550314465408805,V1,0.0,0.0,0.0,0.550314465408805,0.2672955974842767,0.0,0.0,0.0,lh,0.550314465408805,0.7401266098022461,2,2,1,1,318,-0.550314465408805,,,,,,,,,,,,,,,0.550314465408805,,0.2672955974842767,,,,26,Body,0.0,False,False,False,False,False,5
4,112,equal4,0.6417322834645669,V4,0.0,0.0,0.0,0.0,0.0,0.35826771653543305,0.6417322834645669,0.0,rh,0.6417322834645669,0.671980082988739,2,2,1,1,254,-0.6417322834645669,,,,,,,,,,,,,,,,,,,0.35826771653543305,0.6417322834645669,11,Body,0.0,False,False,False,False,False,112
4,116,equal4,0.5745614035087719,V3,0.0,0.0,0.021929824561403508,0.0,0.2675438596491228,0.5745614035087719,0.0,0.0,rh,0.5745614035087719,0.6341803073883057,2,2,1,1,228,-0.5745614035087719,,,,,,,0.021929824561403508,,,,,,,,,0.2675438596491228,,0.5745614035087719,,,57,Body,0.0,False,False,False,False,False,116
4,121,equal4,0.0,Unlabeled,0.007042253521126761,0.0,0.0,0.0,0.0,0.0,0.0,0.0,rh,0.0,0.5746031403541565,0,0,0,0,284,0.007042253521126761,0.007042253521126761,,,,,,,,,,,,,,,,,,,,245,Body,0.007042253521126761,False,False,False,False,False,121
5,10,equal4,0.8818897637795275,Scene,0.0,0.0,0.8818897637795275,0.0,0.0,0.0,0.0,0.0,lh,0.8818897637795275,0.6811837553977966,1,1,1,1,381,-0.8818897637795275,,,,,,,,0.8818897637795275,,,,,,,,,,,,,12,Body,0.0,False,False,False,False,False,10
5,100,equal4,0.0,Unlabeled,0.375609756097561,0.0,0.0,0.0,0.0,0.0,0.0,0.0,rh,0.0,0.8820629119873047,1,1,0,0,205,0.375609756097561,0.375609756097561,,,,,,,,,,,,,,,,,,,,190,Body,0.375609756097561,False,True,True,False,False,100
5,105,equal4,0.8717948717948718,V2,0.0,0.0,0.0,0.1282051282051282,0.8717948717948718,0.0,0.0,0.0,rh,0.8717948717948718,0.7489200234413147,2,1,1,1,156,-0.8717948717948718,,,,,,,,,,,,,,0.1282051282051282,,0.8717948717948718,,,,,52,Body,0.0,False,False,False,False,False,105
5,115,equal4,0.0,Unlabeled,0.0,0.0,0.0,0.010526315789473684,0.2912280701754386,0.4280701754385965,0.0,0.08421052631578947,rh,0.4280701754385965,0.6453737616539001,2,2,1,0,285,-0.4280701754385965,,,,,,,,,,0.08421052631578947,,,,0.010526315789473684,0.010526315789473684,0.2912280701754386,0.10877192982456141,0.4280701754385965,0.028070175438596492,,29,Body,0.0,False,False,False,False,False,115
1,11,full,0.5398773006134969,V3,0.0,0.0,0.0,0.0,0.4601226993865031,0.5398773006134969,0.0,0.0,lh,0.5398773006134969,0.6668669581413269,2,2,2,1,326,-0.5398773006134969,,,,,,,,,,,,,,,,0.4601226993865031,,0.5398773006134969,,,48,Scene,0.0,False,False,False,False,False,11
1,16,full,0.8321167883211679,Face,0.7664233576642335,0.8321167883211679,0.0,0.0,0.0,0.0,0.0,0.27007299270072993,lh,0.8321167883211679,0.6251530051231384,3,3,2,2,137,-0.8321167883211679,,0.7664233576642335,,0.8321167883211679,,,,,,,0.27007299270072993,,,,,,,,,,6,Scene,0.0,False,False,False,False,False,16
1,17,full,0.7777777777777778,V1,0.0,0.0,0.0,0.7777777777777778,0.06790123456790123,0.0,0.0,0.0,lh,0.7777777777777778,0.6222882866859436,1,1,1,1,162,-0.7777777777777778,,,,,,,,,,,,,,0.7777777777777778,,0.06790123456790123,,,,,51,Scene,0.0,False,False,False,False,False,17
1,18,full,0.9774011299435028,Body,0.9774011299435028,0.0,0.0,0.0,0.0,0.0,0.0,0.002824858757062147,lh,0.9774011299435028,0.6210088133811951,1,1,1,1,354,-0.9774011299435028,0.9774011299435028,,,,,,,,,,0.002824858757062147,,,,,,,,,,35,Scene,0.0,False,False,False,False,False,18
1,27,full,0.88268156424581,Body,0.88268156424581,0.0,0.09217877094972067,0.0,0.0,0.0,0.0,0.0,lh,0.88268156424581,0.5291171669960022,1,1,1,1,358,-0.7905027932960893,0.88268156424581,,,,,,0.09217877094972067,,,,,,,,,,,,,,60,Scene,0.09217877094972067,False,False,False,False,False,27
1,28,full,0.9076923076923077,Body,0.9076923076923077,0.0,0.0,0.0,0.0,0.0,0.0,0.0,lh,0.9076923076923077,0.5204342603683472,1,1,1,1,130,-0.9076923076923077,0.9076923076923077,,,,,,,,,,,,,,,,,,,,44,Scene,0.0,False,False,False,False,False,28
1,44,full,0.7644787644787645,Word,0.6988416988416989,0.0,0.0,0.0,0.0,0.0,0.0,0.7644787644787645,lh,0.7644787644787645,0.47377699613571167,2,2,2,2,259,-0.7644787644787645,0.6988416988416989,,,,,,,,,,0.7644787644787645,,,,,,,,,,20,Scene,0.0,False,False,False,False,False,44
1,48,full,0.5955555555555555,V4,0.0,0.49333333333333335,0.0,0.0,0.0,0.0,0.5955555555555555,0.48,lh,0.5955555555555555,0.45930930972099304,3,3,3,1,225,-0.5955555555555555,,,,,,0.49333333333333335,,,,0.44,0.48,,,,,,,,,0.5955555555555555,14,Scene,0.0,False,False,False,False,False,48
1,53,full,0.0,Unlabeled,0.0,0.0,0.0,0.0,0.0,0.0,0.0,0.0,lh,0.0,0.4396008551120758,0,0,0,0,305,0.0,,,,,,,,,,,,,,,,,,,,,200,Scene,0.0,False,False,False,False,False,53
1,56,full,0.0,Unlabeled,0.0,0.0,0.004651162790697674,0.0,0.07441860465116279,0.4790697674418605,0.0,0.0,lh,0.4790697674418605,0.42858341336250305,1,1,1,0,215,-0.4744186046511628,,,,,,,0.004651162790697674,,,,,,,,,0.07441860465116279,,0.4790697674418605,,,67,Scene,0.004651162790697674,False,False,False,False,False,56
1,63,full,0.0,Unlabeled,0.0,0.0,0.0,0.0,0.0,0.0,0.0,0.0,lh,0.0,0.3844403028488159,0,0,0,0,158,0.0,,,,,,,,,,,,,,,,,,,,,280,Scene,0.0,False,False,False,False,False,63
1,65,full,0.0,Unlabeled,0.0,0.0,0.0,0.0,0.3888888888888889,0.007936507936507936,0.0,0.0,lh,0.3888888888888889,0.3773611783981323,1,1,0,0,252,-0.3888888888888889,,,,,,,,,,,,,,,,0.3888888888888889,,0.007936507936507936,,,61,Scene,0.0,False,False,False,False,False,65
1,68,full,0.0,Unlabeled,0.0,0.0,0.0,0.0,0.0,0.03508771929824561,0.0,0.0,lh,0.03508771929824561,0.3729315996170044,0,0,0,0,171,-0.03508771929824561,,,,,,,,,,,,,,,,,,,0.03508771929824561,,15,Scene,0.0,False,False,False,False,False,68
1,80,full,0.0,Unlabeled,0.0,0.0,0.0,0.0,0.0,0.0,0.0,0.0,lh,0.0,0.3439388871192932,0,0,0,0,246,0.0,,,,,,,,,,,,,,,,,,,,,194,Scene,0.0,False,False,False,False,False,80
1,120,full,0.0,Unlabeled,0.3746958637469586,0.0,0.0,0.0,0.0,0.0,0.0,0.0535279805352798,rh,0.3746958637469586,0.5772696137428284,1,1,0,0,411,-0.3746958637469586,0.3746958637469586,,,,,,,,,,0.0535279805352798,,,,,,,,,,189,Scene,0.0,False,False,False,False,False,120
1,121,full,0.0,Unlabeled,0.007042253521126761,0.0,0.0,0.0,0.0,0.0,0.0,0.0,rh,0.007042253521126761,0.5746031403541565,0,0,0,0,284,-0.007042253521126761,0.007042253521126761,,,,,,,,,,,,,,,,,,,,245,Scene,0.0,False,False,False,False,False,121
1,122,full,0.0,Unlabeled,0.23013698630136986,0.01643835616438356,0.0,0.0,0.0,0.052054794520547946,0.4794520547945205,0.0,rh,0.4794520547945205,0.572909951210022,2,1,1,0,365,-0.4794520547945205,,0.23013698630136986,,0.01643835616438356,,,,,,,,,,,,,,,0.052054794520547946,0.4794520547945205,7,Scene,0.0,False,False,False,False,False,122
1,123,full,0.5975103734439834,V2,0.0,0.0,0.0,0.0,0.5975103734439834,0.4024896265560166,0.0,0.0,rh,0.5975103734439834,0.5699483156204224,2,2,2,1,241,-0.5975103734439834,,,,,,,,,,,,,,,,,0.5975103734439834,,0.4024896265560166,,17,Scene,0.0,False,False,False,False,False,123
1,131,full,0.0,Unlabeled,0.0,0.0,0.1437308868501529,0.0,0.0,0.0,0.0,0.0,rh,0.0,0.5463010668754578,1,0,0,0,327,0.1437308868501529,,,,,,,,0.1437308868501529,,,,,,,,,,,,,8,Scene,0.1437308868501529,False,True,False,False,False,131
1,133,full,0.0,Unlabeled,0.0,0.0,0.0,0.3350253807106599,0.36548223350253806,0.0,0.0,0.0,rh,0.36548223350253806,0.5385251641273499,2,2,0,0,197,-0.36548223350253806,,,,,,,,,,,,,,,0.3350253807106599,,0.36548223350253806,,,,27,Scene,0.0,False,False,False,False,False,133
1,138,full,0.5953488372093023,Body,0.5953488372093023,0.4441860465116279,0.0,0.0,0.0,0.0,0.0,0.0,rh,0.5953488372093023,0.512506902217865,2,2,2,1,430,-0.5953488372093023,,,0.5953488372093023,0.14651162790697675,0.4441860465116279,,,,,,,,,,,,,,,,1,Scene,0.0,False,False,False,False,False,138
1,143,full,0.7455357142857143,V3,0.0,0.013392857142857142,0.0,0.0,0.05357142857142857,0.7455357142857143,0.07589285714285714,0.625,rh,0.7455357142857143,0.4982433319091797,2,2,2,2,224,-0.7455357142857143,,,,,,0.013392857142857142,,,,0.625,,,,,,,0.05357142857142857,0.008928571428571428,0.7455357142857143,0.07589285714285714,19,Scene,0.0,False,False,False,False,False,143
1,148,full,0.0,Unlabeled,0.42857142857142855,0.4318936877076412,0.0,0.0,0.0,0.0,0.0,0.0,rh,0.4318936877076412,0.4778825640678406,2,2,2,0,301,-0.4318936877076412,,,0.42857142857142855,,0.4318936877076412,,,,,,,,,,,,,,,,184,Scene,0.0,False,False,False,False,False,148
1,151,full,0.0,Unlabeled,0.0,0.0,0.0,0.0,0.0,0.0,0.0,0.0,rh,0.0,0.4700580835342407,0,0,0,0,249,0.0,,,,,,,,,,,,,,,,,,,,,79,Scene,0.0,False,False,False,False,False,151
1,154,full,0.0,Unlabeled,0.0,0.0,0.0,0.0,0.0,0.0,0.0,0.0,rh,0.0,0.45569831132888794,0,0,0,0,292,0.0,,,,,,,,,,,,,,,,,,,,,249,Scene,0.0,False,False,False,False,False,154
1,160,full,0.8419452887537994,V4,0.02127659574468085,0.3130699088145897,0.0,0.0,0.0,0.030395136778115502,0.8419452887537994,0.015197568389057751,rh,0.8419452887537994,0.4216294586658478,2,2,1,1,329,-0.8419452887537994,,0.02127659574468085,,,,0.3130699088145897,,,,0.015197568389057751,,,,,,,,,0.030395136778115502,0.8419452887537994,10,Scene,0.0,False,False,False,False,False,160
1,162,full,0.0,Unlabeled,0.0,0.0,0.0,0.0,0.0,0.0,0.0,0.0,rh,0.0,0.4095625877380371,0,0,0,0,192,0.0,,,,,,,,,,,,,,,,,,,,,73,Scene,0.0,False,False,False,False,False,162
1,166,full,0.6789473684210526,Word,0.5684210526315789,0.1368421052631579,0.0,0.0,0.0,0.0,0.0,0.6789473684210526,rh,0.6789473684210526,0.40159687399864197,3,2,2,2,190,-0.6789473684210526,0.5684210526315789,,,,,0.1368421052631579,,,,0.6789473684210526,,,,,,,,,,,25,Scene,0.0,False,False,False,False,False,166
1,173,full,0.0,Unlabeled,0.0,0.0,0.0,0.0,0.0,0.0,0.0,0.0,rh,0.0,0.3821990489959717,0,0,0,0,222,0.0,,,,,,,,,,,,,,,,,,,,,215,Scene,0.0,False,False,False,False,False,173
1,176,full,0.0,Unlabeled,0.0,0.0,0.0,0.0,0.0,0.0,0.0,0.0,rh,0.0,0.3756176233291626,0,0,0,0,227,0.0,,,,,,,,,,,,,,,,,,,,,205,Scene,0.0,False,False,False,False,False,176
1,185,full,0.8075117370892019,Body,0.8075117370892019,0.0,0.6150234741784038,0.0,0.0,0.0,0.0,0.0,rh,0.8075117370892019,0.3597140610218048,2,2,2,2,213,-0.19248826291079812,0.8075117370892019,,,,,,0.6150234741784038,,,,,,,,,,,,,,194,Scene,0.6150234741784038,True,True,True,True,True,185
2,7,full,0.9553571428571429,Body,0.9553571428571429,0.0,0.0,0.0,0.0,0.0,0.0,0.0,lh,0.9553571428571429,0.7111992835998535,1,1,1,1,336,-0.9553571428571429,0.9553571428571429,,,,,,,,,,,,,,,,,,,,182,Scene,0.0,False,False,False,False,False,7
2,15,full,0.6351351351351351,V3,0.0,0.0,0.0,0.0,0.21621621621621623,0.6351351351351351,0.14864864864864866,0.0,lh,0.6351351351351351,0.6296619772911072,3,1,1,1,148,-0.6351351351351351,,,,,,,,,,,,,,,,,0.21621621621621623,,0.6351351351351351,0.14864864864864866,17,Scene,0.0,False,False,False,False,False,15
2,16,full,0.8321167883211679,Face,0.7664233576642335,0.8321167883211679,0.0,0.0,0.0,0.0,0.0,0.27007299270072993,lh,0.8321167883211679,0.6251530051231384,3,3,2,2,137,-0.8321167883211679,,0.7664233576642335,,0.8321167883211679,,,,,,,0.27007299270072993,,,,,,,,,,6,Scene,0.0,False,False,False,False,False,16
2,17,full,0.7777777777777778,V1,0.0,0.0,0.0,0.7777777777777778,0.06790123456790123,0.0,0.0,0.0,lh,0.7777777777777778,0.6222882866859436,1,1,1,1,162,-0.7777777777777778,,,,,,,,,,,,,,0.7777777777777778,,0.06790123456790123,,,,,51,Scene,0.0,False,False,False,False,False,17
2,18,full,0.9774011299435028,Body,0.9774011299435028,0.0,0.0,0.0,0.0,0.0,0.0,0.002824858757062147,lh,0.9774011299435028,0.6210088133811951,1,1,1,1,354,-0.9774011299435028,0.9774011299435028,,,,,,,,,,0.002824858757062147,,,,,,,,,,35,Scene,0.0,False,False,False,False,False,18
2,39,full,0.6684782608695652,Body,0.6684782608695652,0.0,0.0,0.0,0.0,0.0,0.0,0.0,lh,0.6684782608695652,0.48164424300193787,1,1,1,1,184,-0.6684782608695652,0.6684782608695652,,,,,,,,,,,,,,,,,,,,179,Scene,0.0,False,False,False,False,False,39
2,44,full,0.7644787644787645,Word,0.6988416988416989,0.0,0.0,0.0,0.0,0.0,0.0,0.7644787644787645,lh,0.7644787644787645,0.47377699613571167,2,2,2,2,259,-0.7644787644787645,0.6988416988416989,,,,,,,,,,0.7644787644787645,,,,,,,,,,20,Scene,0.0,False,False,False,False,False,44
2,47,full,0.0,Unlabeled,0.031746031746031744,0.023809523809523808,0.0,0.0,0.0,0.0,0.0,0.23809523809523808,lh,0.23809523809523808,0.4623631536960602,1,0,0,0,252,-0.23809523809523808,,0.031746031746031744,,0.023809523809523808,,,,,,,,,0.23809523809523808,,,,,,,,3,Scene,0.0,False,False,False,False,False,47
2,49,full,0.0,Unlabeled,0.0,0.0,0.0,0.0,0.0,0.0,0.0,0.0,lh,0.0,0.45416495203971863,0,0,0,0,365,0.0,,,,,,,,,,,,,,,,,,,,,233,Scene,0.0,False,False,False,False,False,49
2,55,full,0.0,Unlabeled,0.0,0.0,0.05573770491803279,0.0,0.0,0.0,0.0,0.0,lh,0.0,0.42933809757232666,0,0,0,0,305,0.05573770491803279,,,,,,,0.05573770491803279,,,,,,,,,,,,,,192,Scene,0.05573770491803279,False,False,False,False,False,55
2,67,full,0.0,Unlabeled,0.0,0.0,0.0,0.0,0.0,0.0,0.0,0.0,lh,0.0,0.3755069971084595,0,0,0,0,255,0.0,,,,,,,,,,,,,,,,,,,,,496,Scene,0.0,False,False,False,False,False,67
2,68,full,0.0,Unlabeled,0.0,0.0,0.0,0.0,0.0,0.03508771929824561,0.0,0.0,lh,0.03508771929824561,0.3729315996170044,0,0,0,0,171,-0.03508771929824561,,,,,,,,,,,,,,,,,,,0.03508771929824561,,15,Scene,0.0,False,False,False,False,False,68
2,85,full,0.0,Unlabeled,0.0,0.0,0.0,0.0,0.0,0.0,0.0,0.0,lh,0.0,0.3313343822956085,0,0,0,0,123,0.0,,,,,,,,,,,,,,,,,,,,,473,Scene,0.0,False,False,False,False,False,85
2,99,full,0.0,Unlabeled,0.0,0.0,0.0,0.0,0.0,0.0,0.0,0.0,lh,0.0,0.3034372627735138,0,0,0,0,292,0.0,,,,,,,,,,,,,,,,,,,,,219,Scene,0.0,False,False,False,False,False,99
2,119,full,0.0,Unlabeled,0.0,0.0,0.0,0.0,0.0,0.0,0.0,0.0,rh,0.0,0.5871975421905518,0,0,0,0,244,0.0,,,,,,,,,,,,,,,,,,,,,224,Scene,0.0,False,False,False,False,False,119
2,122,full,0.0,Unlabeled,0.23013698630136986,0.01643835616438356,0.0,0.0,0.0,0.052054794520547946,0.4794520547945205,0.0,rh,0.4794520547945205,0.572909951210022,2,1,1,0,365,-0.4794520547945205,,0.23013698630136986,,0.01643835616438356,,,,,,,,,,,,,,,0.052054794520547946,0.4794520547945205,7,Scene,0.0,False,False,False,False,False,122
2,123,full,0.5975103734439834,V2,0.0,0.0,0.0,0.0,0.5975103734439834,0.4024896265560166,0.0,0.0,rh,0.5975103734439834,0.5699483156204224,2,2,2,1,241,-0.5975103734439834,,,,,,,,,,,,,,,,,0.5975103734439834,,0.4024896265560166,,17,Scene,0.0,False,False,False,False,False,123
2,129,full,0.0,Unlabeled,0.18666666666666668,0.0,0.0,0.0,0.0,0.0,0.0,0.0,rh,0.18666666666666668,0.5526844263076782,1,0,0,0,300,-0.18666666666666668,0.18666666666666668,,,,,,,,,,,,,,,,,,,,412,Scene,0.0,False,False,False,False,False,129
2,131,full,0.0,Unlabeled,0.0,0.0,0.1437308868501529,0.0,0.0,0.0,0.0,0.0,rh,0.0,0.5463010668754578,1,0,0,0,327,0.1437308868501529,,,,,,,,0.1437308868501529,,,,,,,,,,,,,8,Scene,0.1437308868501529,False,True,False,False,False,131
2,133,full,0.0,Unlabeled,0.0,0.0,0.0,0.3350253807106599,0.36548223350253806,0.0,0.0,0.0,rh,0.36548223350253806,0.5385251641273499,2,2,0,0,197,-0.36548223350253806,,,,,,,,,,,,,,,0.3350253807106599,,0.36548223350253806,,,,27,Scene,0.0,False,False,False,False,False,133
2,134,full,0.0,Unlabeled,0.0,0.0,0.0,0.0,0.4867549668874172,0.3079470198675497,0.0,0.0,rh,0.4867549668874172,0.5336077809333801,2,2,1,0,302,-0.4867549668874172,,,,,,,,,,,,,,,,0.4867549668874172,,0.3079470198675497,,,60,Scene,0.0,False,False,False,False,False,134
2,136,full,0.9638009049773756,Body,0.9638009049773756,0.0,0.0,0.0,0.0,0.0,0.0,0.0,rh,0.9638009049773756,0.5264740586280823,1,1,1,1,221,-0.9638009049773756,0.9638009049773756,,,,,,,,,,,,,,,,,,,,193,Scene,0.0,False,False,False,False,False,136
2,150,full,0.0,Unlabeled,0.0,0.0,0.0,0.0,0.0,0.34831460674157305,0.14606741573033707,0.0,rh,0.34831460674157305,0.47259294986724854,2,1,0,0,178,-0.34831460674157305,,,,,,,,,,,,,,,,,,,0.34831460674157305,0.14606741573033707,13,Scene,0.0,False,False,False,False,False,150
2,151,full,0.0,Unlabeled,0.0,0.0,0.0,0.0,0.0,0.0,0.0,0.0,rh,0.0,0.4700580835342407,0,0,0,0,249,0.0,,,,,,,,,,,,,,,,,,,,,79,Scene,0.0,False,False,False,False,False,151
2,153,full,0.5364806866952789,Body,0.5364806866952789,0.0,0.33047210300429186,0.0,0.0,0.0,0.0,0.09871244635193133,rh,0.5364806866952789,0.45591914653778076,2,2,1,1,233,-0.20600858369098707,0.5364806866952789,,,,,,0.33047210300429186,,,0.09871244635193133,,,,,,,,,,,38,Scene,0.33047210300429186,False,True,True,False,False,153
2,154,full,0.0,Unlabeled,0.0,0.0,0.0,0.0,0.0,0.0,0.0,0.0,rh,0.0,0.45569831132888794,0,0,0,0,292,0.0,,,,,,,,,,,,,,,,,,,,,249,Scene,0.0,False,False,False,False,False,154
2,157,full,0.5892255892255892,V2,0.0,0.0,0.0,0.367003367003367,0.5892255892255892,0.003367003367003367,0.0,0.0,rh,0.5892255892255892,0.4358782470226288,2,2,1,1,297,-0.5892255892255892,,,,,,,,,,,,,,0.04040404040404041,0.367003367003367,,0.5892255892255892,,0.003367003367003367,,26,Scene,0.0,False,False,False,False,False,157
2,162,full,0.0,Unlabeled,0.0,0.0,0.0,0.0,0.0,0.0,0.0,0.0,rh,0.0,0.4095625877380371,0,0,0,0,192,0.0,,,,,,,,,,,,,,,,,,,,,73,Scene,0.0,False,False,False,False,False,162
2,167,full,0.0,Unlabeled,0.0,0.0,0.0,0.0,0.0,0.0,0.0,0.0,rh,0.0,0.3935374617576599,0,0,0,0,434,0.0,,,,,,,,,,,,,,,,,,,,,497,Scene,0.0,False,False,False,False,False,167
2,183,full,0.0,Unlabeled,0.0,0.0,0.0,0.0,0.0,0.0,0.0,0.0,rh,0.0,0.3607761263847351,0,0,0,0,193,0.0,,,,,,,,,,,,,,,,,,,,,216,Scene,0.0,False,False,False,False,False,183
2,184,full,0.0,Unlabeled,0.0,0.0,0.0,0.0,0.0,0.0,0.0,0.0,rh,0.0,0.35992905497550964,0,0,0,0,241,0.0,,,,,,,,,,,,,,,,,,,,,246,Scene,0.0,False,False,False,False,False,184
3,15,full,0.6351351351351351,V3,0.0,0.0,0.0,0.0,0.21621621621621623,0.6351351351351351,0.14864864864864866,0.0,lh,0.6351351351351351,0.6296619772911072,3,1,1,1,148,-0.6351351351351351,,,,,,,,,,,,,,,,,0.21621621621621623,,0.6351351351351351,0.14864864864864866,17,Scene,0.0,False,False,False,False,False,15
3,17,full,0.7777777777777778,V1,0.0,0.0,0.0,0.7777777777777778,0.06790123456790123,0.0,0.0,0.0,lh,0.7777777777777778,0.6222882866859436,1,1,1,1,162,-0.7777777777777778,,,,,,,,,,,,,,0.7777777777777778,,0.06790123456790123,,,,,51,Scene,0.0,False,False,False,False,False,17
3,18,full,0.9774011299435028,Body,0.9774011299435028,0.0,0.0,0.0,0.0,0.0,0.0,0.002824858757062147,lh,0.9774011299435028,0.6210088133811951,1,1,1,1,354,-0.9774011299435028,0.9774011299435028,,,,,,,,,,0.002824858757062147,,,,,,,,,,35,Scene,0.0,False,False,False,False,False,18
3,27,full,0.88268156424581,Body,0.88268156424581,0.0,0.09217877094972067,0.0,0.0,0.0,0.0,0.0,lh,0.88268156424581,0.5291171669960022,1,1,1,1,358,-0.7905027932960893,0.88268156424581,,,,,,0.09217877094972067,,,,,,,,,,,,,,60,Scene,0.09217877094972067,False,False,False,False,False,27
3,35,full,0.0,Unlabeled,0.0,0.0,0.48863636363636365,0.0,0.0,0.0,0.0,0.0,lh,0.0,0.5053406357765198,1,1,1,0,176,0.48863636363636365,,,,,,,0.48863636363636365,,,,,,,,,,,,,,189,Scene,0.48863636363636365,False,True,True,True,False,35
3,38,full,0.9536585365853658,Word,0.17073170731707318,0.17560975609756097,0.0,0.0,0.0,0.0,0.0,0.9536585365853658,lh,0.9536585365853658,0.48745402693748474,3,1,1,1,410,-0.9536585365853658,0.0024390243902439024,0.17073170731707318,,0.17560975609756097,,,,,,,0.9536585365853658,,,,,,,,,,11,Scene,0.0,False,False,False,False,False,38
3,41,full,0.0,Unlabeled,0.0,0.0,0.13471502590673576,0.0,0.0,0.0,0.0,0.0,lh,0.0,0.48102566599845886,1,0,0,0,193,0.13471502590673576,,,,,,,,0.13471502590673576,,,,,,,,,,,,,18,Scene,0.13471502590673576,False,True,False,False,False,41
3,43,full,0.6533665835411472,Face,0.32917705735660846,0.6533665835411472,0.0,0.0,0.0,0.0,0.007481296758104738,0.07231920199501247,lh,0.6533665835411472,0.47391507029533386,2,2,1,1,401,-0.6533665835411472,,0.32917705735660846,,0.6533665835411472,,,,,,,0.0024937655860349127,,0.07231920199501247,,,,,,,0.007481296758104738,5,Scene,0.0,False,False,False,False,False,43
3,52,full,0.0,Unlabeled,0.0,0.0,0.0,0.0,0.27927927927927926,0.5,0.0,0.0,lh,0.5,0.4418669641017914,2,2,1,1,222,-0.5,,,,,,,,,,,,,,,,,0.27927927927927926,,0.5,,16,Scene,0.0,False,False,False,False,False,52
3,58,full,0.0,Unlabeled,0.0,0.0,0.29385964912280704,0.0,0.0,0.0,0.0,0.0,lh,0.0,0.4188014268875122,1,1,0,0,228,0.29385964912280704,,,,,,,,,0.29385964912280704,,,,,,,,,,,,471,Scene,0.29385964912280704,False,True,True,False,False,58
3,63,full,0.0,Unlabeled,0.0,0.0,0.0,0.0,0.0,0.0,0.0,0.0,lh,0.0,0.3844403028488159,0,0,0,0,158,0.0,,,,,,,,,,,,,,,,,,,,,280,Scene,0.0,False,False,False,False,False,63
3,66,full,0.0,Unlabeled,0.058823529411764705,0.0,0.0,0.0,0.0,0.0,0.0,0.0,lh,0.058823529411764705,0.3771337866783142,0,0,0,0,272,-0.058823529411764705,0.058823529411764705,,,,,,,,,,,,,,,,,,,,377,Scene,0.0,False,False,False,False,False,66
3,85,full,0.0,Unlabeled,0.0,0.0,0.0,0.0,0.0,0.0,0.0,0.0,lh,0.0,0.3313343822956085,0,0,0,0,123,0.0,,,,,,,,,,,,,,,,,,,,,473,Scene,0.0,False,False,False,False,False,85
3,99,full,0.0,Unlabeled,0.0,0.0,0.0,0.0,0.0,0.0,0.0,0.0,lh,0.0,0.3034372627735138,0,0,0,0,292,0.0,,,,,,,,,,,,,,,,,,,,,219,Scene,0.0,False,False,False,False,False,99
3,122,full,0.0,Unlabeled,0.23013698630136986,0.01643835616438356,0.0,0.0,0.0,0.052054794520547946,0.4794520547945205,0.0,rh,0.4794520547945205,0.572909951210022,2,1,1,0,365,-0.4794520547945205,,0.23013698630136986,,0.01643835616438356,,,,,,,,,,,,,,,0.052054794520547946,0.4794520547945205,7,Scene,0.0,False,False,False,False,False,122
3,123,full,0.5975103734439834,V2,0.0,0.0,0.0,0.0,0.5975103734439834,0.4024896265560166,0.0,0.0,rh,0.5975103734439834,0.5699483156204224,2,2,2,1,241,-0.5975103734439834,,,,,,,,,,,,,,,,,0.5975103734439834,,0.4024896265560166,,17,Scene,0.0,False,False,False,False,False,123
3,125,full,0.6618075801749271,Body,0.6618075801749271,0.0,0.0,0.0,0.0,0.0,0.0,0.5539358600583091,rh,0.6618075801749271,0.5621882677078247,2,2,2,2,343,-0.6618075801749271,0.6618075801749271,,,,,,,,,,0.5539358600583091,0.02040816326530612,,,,,,,,,187,Scene,0.0,False,False,False,False,False,125
3,130,full,0.9212121212121213,V1,0.0,0.0,0.0,0.9212121212121213,0.012121212121212121,0.0,0.0,0.0,rh,0.9212121212121213,0.548660159111023,1,1,1,1,165,-0.9212121212121213,,,,,,,,,,,,,,0.9212121212121213,0.06666666666666667,0.012121212121212121,,,,,36,Scene,0.0,False,False,False,False,False,130
3,133,full,0.0,Unlabeled,0.0,0.0,0.0,0.3350253807106599,0.36548223350253806,0.0,0.0,0.0,rh,0.36548223350253806,0.5385251641273499,2,2,0,0,197,-0.36548223350253806,,,,,,,,,,,,,,,0.3350253807106599,,0.36548223350253806,,,,27,Scene,0.0,False,False,False,False,False,133
3,136,full,0.9638009049773756,Body,0.9638009049773756,0.0,0.0,0.0,0.0,0.0,0.0,0.0,rh,0.9638009049773756,0.5264740586280823,1,1,1,1,221,-0.9638009049773756,0.9638009049773756,,,,,,,,,,,,,,,,,,,,193,Scene,0.0,False,False,False,False,False,136
3,138,full,0.5953488372093023,Body,0.5953488372093023,0.4441860465116279,0.0,0.0,0.0,0.0,0.0,0.0,rh,0.5953488372093023,0.512506902217865,2,2,2,1,430,-0.5953488372093023,,,0.5953488372093023,0.14651162790697675,0.4441860465116279,,,,,,,,,,,,,,,,1,Scene,0.0,False,False,False,False,False,138
3,151,full,0.0,Unlabeled,0.0,0.0,0.0,0.0,0.0,0.0,0.0,0.0,rh,0.0,0.4700580835342407,0,0,0,0,249,0.0,,,,,,,,,,,,,,,,,,,,,79,Scene,0.0,False,False,False,False,False,151
3,157,full,0.5892255892255892,V2,0.0,0.0,0.0,0.367003367003367,0.5892255892255892,0.003367003367003367,0.0,0.0,rh,0.5892255892255892,0.4358782470226288,2,2,1,1,297,-0.5892255892255892,,,,,,,,,,,,,,0.04040404040404041,0.367003367003367,,0.5892255892255892,,0.003367003367003367,,26,Scene,0.0,False,False,False,False,False,157
3,160,full,0.8419452887537994,V4,0.02127659574468085,0.3130699088145897,0.0,0.0,0.0,0.030395136778115502,0.8419452887537994,0.015197568389057751,rh,0.8419452887537994,0.4216294586658478,2,2,1,1,329,-0.8419452887537994,,0.02127659574468085,,,,0.3130699088145897,,,,0.015197568389057751,,,,,,,,,0.030395136778115502,0.8419452887537994,10,Scene,0.0,False,False,False,False,False,160
3,162,full,0.0,Unlabeled,0.0,0.0,0.0,0.0,0.0,0.0,0.0,0.0,rh,0.0,0.4095625877380371,0,0,0,0,192,0.0,,,,,,,,,,,,,,,,,,,,,73,Scene,0.0,False,False,False,False,False,162
3,167,full,0.0,Unlabeled,0.0,0.0,0.0,0.0,0.0,0.0,0.0,0.0,rh,0.0,0.3935374617576599,0,0,0,0,434,0.0,,,,,,,,,,,,,,,,,,,,,497,Scene,0.0,False,False,False,False,False,167
3,168,full,0.0,Unlabeled,0.4474708171206226,0.4980544747081712,0.0,0.0,0.0,0.0,0.17120622568093385,0.0038910505836575876,rh,0.4980544747081712,0.3911610245704651,3,2,2,0,257,-0.4980544747081712,,0.4474708171206226,0.0038910505836575876,0.4980544747081712,,,,,,,0.0038910505836575876,,,,,,,,,0.17120622568093385,5,Scene,0.0,False,False,False,False,False,168
3,172,full,0.0,Unlabeled,0.0,0.0,0.0,0.0,0.0,0.0,0.0,0.0,rh,0.0,0.38496118783950806,0,0,0,0,404,0.0,,,,,,,,,,,,,,,,,,,,,389,Scene,0.0,False,False,False,False,False,172
3,185,full,0.8075117370892019,Body,0.8075117370892019,0.0,0.6150234741784038,0.0,0.0,0.0,0.0,0.0,rh,0.8075117370892019,0.3597140610218048,2,2,2,2,213,-0.19248826291079812,0.8075117370892019,,,,,,0.6150234741784038,,,,,,,,,,,,,,194,Scene,0.6150234741784038,True,True,True,True,True,185
3,188,full,0.0,Unlabeled,0.0,0.0,0.0,0.0,0.0,0.0,0.0,0.0,rh,0.0,0.3450150191783905,0,0,0,0,190,0.0,,,,,,,,,,,,,,,,,,,,,201,Scene,0.0,False,False,False,False,False,188
3,190,full,0.0,Unlabeled,0.0,0.0,0.0,0.0,0.0,0.0,0.0,0.0,rh,0.0,0.33961009979248047,0,0,0,0,185,0.0,,,,,,,,,,,,,,,,,,,,,221,Scene,0.0,False,False,False,False,False,190
4,5,full,0.550314465408805,V1,0.0,0.0,0.0,0.550314465408805,0.2672955974842767,0.0,0.0,0.0,lh,0.550314465408805,0.7401266098022461,2,2,1,1,318,-0.550314465408805,,,,,,,,,,,,,,,0.550314465408805,,0.2672955974842767,,,,26,Scene,0.0,False,False,False,False,False,5
4,9,full,1.0,Body,1.0,0.0,0.0,0.0,0.0,0.0,0.0,0.0,lh,1.0,0.6841720342636108,1,1,1,1,85,-1.0,1.0,,,,,,,,,,,,,,,,,,,,58,Scene,0.0,False,False,False,False,False,9
4,18,full,0.9774011299435028,Body,0.9774011299435028,0.0,0.0,0.0,0.0,0.0,0.0,0.002824858757062147,lh,0.9774011299435028,0.6210088133811951,1,1,1,1,354,-0.9774011299435028,0.9774011299435028,,,,,,,,,,0.002824858757062147,,,,,,,,,,35,Scene,0.0,False,False,False,False,False,18
4,19,full,0.0,Unlabeled,0.0,0.0,0.33516483516483514,0.0,0.0,0.31868131868131866,0.0,0.0,lh,0.31868131868131866,0.5719456672668457,2,2,0,0,182,0.01648351648351648,,,,,,,0.33516483516483514,,,,,,,,,,,0.31868131868131866,,,63,Scene,0.33516483516483514,False,True,True,False,False,19
4,26,full,0.7528089887640449,V4,0.0,0.0,0.0,0.0,0.0,0.21348314606741572,0.7528089887640449,0.0,lh,0.7528089887640449,0.5347240567207336,2,1,1,1,178,-0.7528089887640449,,,,,,,,,,,,,,,,,,,0.21348314606741572,0.7528089887640449,9,Scene,0.0,False,False,False,False,False,26
4,32,full,0.0,Unlabeled,0.20123839009287925,0.0,0.015479876160990712,0.0,0.0,0.2043343653250774,0.0,0.0,lh,0.2043343653250774,0.5134915113449097,2,0,0,0,323,-0.18885448916408668,0.20123839009287925,,,,,,0.015479876160990712,,,,,,,,,,,0.2043343653250774,,,52,Scene,0.015479876160990712,False,False,False,False,False,32
4,35,full,0.0,Unlabeled,0.0,0.0,0.48863636363636365,0.0,0.0,0.0,0.0,0.0,lh,0.0,0.5053406357765198,1,1,1,0,176,0.48863636363636365,,,,,,,0.48863636363636365,,,,,,,,,,,,,,189,Scene,0.48863636363636365,False,True,True,True,False,35
4,38,full,0.9536585365853658,Word,0.17073170731707318,0.17560975609756097,0.0,0.0,0.0,0.0,0.0,0.9536585365853658,lh,0.9536585365853658,0.48745402693748474,3,1,1,1,410,-0.9536585365853658,0.0024390243902439024,0.17073170731707318,,0.17560975609756097,,,,,,,0.9536585365853658,,,,,,,,,,11,Scene,0.0,False,False,False,False,False,38
4,39,full,0.6684782608695652,Body,0.6684782608695652,0.0,0.0,0.0,0.0,0.0,0.0,0.0,lh,0.6684782608695652,0.48164424300193787,1,1,1,1,184,-0.6684782608695652,0.6684782608695652,,,,,,,,,,,,,,,,,,,,179,Scene,0.0,False,False,False,False,False,39
4,47,full,0.0,Unlabeled,0.031746031746031744,0.023809523809523808,0.0,0.0,0.0,0.0,0.0,0.23809523809523808,lh,0.23809523809523808,0.4623631536960602,1,0,0,0,252,-0.23809523809523808,,0.031746031746031744,,0.023809523809523808,,,,,,,,,0.23809523809523808,,,,,,,,3,Scene,0.0,False,False,False,False,False,47
4,58,full,0.0,Unlabeled,0.0,0.0,0.29385964912280704,0.0,0.0,0.0,0.0,0.0,lh,0.0,0.4188014268875122,1,1,0,0,228,0.29385964912280704,,,,,,,,,0.29385964912280704,,,,,,,,,,,,471,Scene,0.29385964912280704,False,True,True,False,False,58
4,65,full,0.0,Unlabeled,0.0,0.0,0.0,0.0,0.3888888888888889,0.007936507936507936,0.0,0.0,lh,0.3888888888888889,0.3773611783981323,1,1,0,0,252,-0.3888888888888889,,,,,,,,,,,,,,,,0.3888888888888889,,0.007936507936507936,,,61,Scene,0.0,False,False,False,False,False,65
4,67,full,0.0,Unlabeled,0.0,0.0,0.0,0.0,0.0,0.0,0.0,0.0,lh,0.0,0.3755069971084595,0,0,0,0,255,0.0,,,,,,,,,,,,,,,,,,,,,496,Scene,0.0,False,False,False,False,False,67
4,85,full,0.0,Unlabeled,0.0,0.0,0.0,0.0,0.0,0.0,0.0,0.0,lh,0.0,0.3313343822956085,0,0,0,0,123,0.0,,,,,,,,,,,,,,,,,,,,,473,Scene,0.0,False,False,False,False,False,85
4,123,full,0.5975103734439834,V2,0.0,0.0,0.0,0.0,0.5975103734439834,0.4024896265560166,0.0,0.0,rh,0.5975103734439834,0.5699483156204224,2,2,2,1,241,-0.5975103734439834,,,,,,,,,,,,,,,,,0.5975103734439834,,0.4024896265560166,,17,Scene,0.0,False,False,False,False,False,123
4,125,full,0.6618075801749271,Body,0.6618075801749271,0.0,0.0,0.0,0.0,0.0,0.0,0.5539358600583091,rh,0.6618075801749271,0.5621882677078247,2,2,2,2,343,-0.6618075801749271,0.6618075801749271,,,,,,,,,,0.5539358600583091,0.02040816326530612,,,,,,,,,187,Scene,0.0,False,False,False,False,False,125
4,129,full,0.0,Unlabeled,0.18666666666666668,0.0,0.0,0.0,0.0,0.0,0.0,0.0,rh,0.18666666666666668,0.5526844263076782,1,0,0,0,300,-0.18666666666666668,0.18666666666666668,,,,,,,,,,,,,,,,,,,,412,Scene,0.0,False,False,False,False,False,129
4,130,full,0.9212121212121213,V1,0.0,0.0,0.0,0.9212121212121213,0.012121212121212121,0.0,0.0,0.0,rh,0.9212121212121213,0.548660159111023,1,1,1,1,165,-0.9212121212121213,,,,,,,,,,,,,,0.9212121212121213,0.06666666666666667,0.012121212121212121,,,,,36,Scene,0.0,False,False,False,False,False,130
4,134,full,0.0,Unlabeled,0.0,0.0,0.0,0.0,0.4867549668874172,0.3079470198675497,0.0,0.0,rh,0.4867549668874172,0.5336077809333801,2,2,1,0,302,-0.4867549668874172,,,,,,,,,,,,,,,,0.4867549668874172,,0.3079470198675497,,,60,Scene,0.0,False,False,False,False,False,134
4,146,full,0.0,Unlabeled,0.0,0.0,0.0,0.0,0.0,0.0,0.0,0.0,rh,0.0,0.49398019909858704,0,0,0,0,243,0.0,,,,,,,,,,,,,,,,,,,,,358,Scene,0.0,False,False,False,False,False,146
4,147,full,0.0,Unlabeled,0.0,0.0,0.1398176291793313,0.0,0.0,0.0,0.0,0.3465045592705167,rh,0.3465045592705167,0.49031317234039307,2,1,0,0,329,-0.2066869300911854,,,,,,,0.1398176291793313,,,0.3465045592705167,,,,,,,,,,,34,Scene,0.1398176291793313,False,True,False,False,False,147
4,150,full,0.0,Unlabeled,0.0,0.0,0.0,0.0,0.0,0.34831460674157305,0.14606741573033707,0.0,rh,0.34831460674157305,0.47259294986724854,2,1,0,0,178,-0.34831460674157305,,,,,,,,,,,,,,,,,,,0.34831460674157305,0.14606741573033707,13,Scene,0.0,False,False,False,False,False,150
4,152,full,0.6178571428571429,Face,0.0,0.6178571428571429,0.0,0.0,0.0,0.0,0.225,0.5535714285714286,rh,0.6178571428571429,0.45943668484687805,3,2,2,2,280,-0.6178571428571429,,,,,,0.6178571428571429,,,,0.5535714285714286,0.010714285714285714,,,,,,,,,0.225,15,Scene,0.0,False,False,False,False,False,152
4,162,full,0.0,Unlabeled,0.0,0.0,0.0,0.0,0.0,0.0,0.0,0.0,rh,0.0,0.4095625877380371,0,0,0,0,192,0.0,,,,,,,,,,,,,,,,,,,,,73,Scene,0.0,False,False,False,False,False,162
4,167,full,0.0,Unlabeled,0.0,0.0,0.0,0.0,0.0,0.0,0.0,0.0,rh,0.0,0.3935374617576599,0,0,0,0,434,0.0,,,,,,,,,,,,,,,,,,,,,497,Scene,0.0,False,False,False,False,False,167
4,170,full,0.0,Unlabeled,0.08759124087591241,0.0,0.0,0.0,0.0,0.0,0.0,0.0,rh,0.08759124087591241,0.38539180159568787,0,0,0,0,274,-0.08759124087591241,0.08759124087591241,,,,,,,,,,,,,,,,,,,,415,Scene,0.0,False,False,False,False,False,170
4,173,full,0.0,Unlabeled,0.0,0.0,0.0,0.0,0.0,0.0,0.0,0.0,rh,0.0,0.3821990489959717,0,0,0,0,222,0.0,,,,,,,,,,,,,,,,,,,,,215,Scene,0.0,False,False,False,False,False,173
4,174,full,0.0,Unlabeled,0.17647058823529413,0.0,0.0,0.0,0.0,0.0,0.0,0.08650519031141868,rh,0.17647058823529413,0.3788718283176422,1,0,0,0,289,-0.17647058823529413,0.17647058823529413,,,,,,,,,,,0.08650519031141868,,,,,,,,,188,Scene,0.0,False,False,False,False,False,174
4,176,full,0.0,Unlabeled,0.0,0.0,0.0,0.0,0.0,0.0,0.0,0.0,rh,0.0,0.3756176233291626,0,0,0,0,227,0.0,,,,,,,,,,,,,,,,,,,,,205,Scene,0.0,False,False,False,False,False,176
4,185,full,0.8075117370892019,Body,0.8075117370892019,0.0,0.6150234741784038,0.0,0.0,0.0,0.0,0.0,rh,0.8075117370892019,0.3597140610218048,2,2,2,2,213,-0.19248826291079812,0.8075117370892019,,,,,,0.6150234741784038,,,,,,,,,,,,,,194,Scene,0.6150234741784038,True,True,True,True,True,185
4,192,full,0.0,Unlabeled,0.0,0.0,0.0,0.0,0.0,0.0,0.0,0.0,rh,0.0,0.3318817615509033,0,0,0,0,481,0.0,,,,,,,,,,,,,,,,,,,,,399,Scene,0.0,False,False,False,False,False,192
5,1,full,1.0,Body,1.0,0.05460750853242321,0.0,0.0,0.0,0.0,0.0,0.0,lh,1.0,0.7882688641548157,1,1,1,1,293,-1.0,1.0,,,,,0.05460750853242321,,,,,,,,,,,,,,,41,Scene,0.0,False,False,False,False,False,1
5,16,full,0.8321167883211679,Face,0.7664233576642335,0.8321167883211679,0.0,0.0,0.0,0.0,0.0,0.27007299270072993,lh,0.8321167883211679,0.6251530051231384,3,3,2,2,137,-0.8321167883211679,,0.7664233576642335,,0.8321167883211679,,,,,,,0.27007299270072993,,,,,,,,,,6,Scene,0.0,False,False,False,False,False,16
5,26,full,0.7528089887640449,V4,0.0,0.0,0.0,0.0,0.0,0.21348314606741572,0.7528089887640449,0.0,lh,0.7528089887640449,0.5347240567207336,2,1,1,1,178,-0.7528089887640449,,,,,,,,,,,,,,,,,,,0.21348314606741572,0.7528089887640449,9,Scene,0.0,False,False,False,False,False,26
5,27,full,0.88268156424581,Body,0.88268156424581,0.0,0.09217877094972067,0.0,0.0,0.0,0.0,0.0,lh,0.88268156424581,0.5291171669960022,1,1,1,1,358,-0.7905027932960893,0.88268156424581,,,,,,0.09217877094972067,,,,,,,,,,,,,,60,Scene,0.09217877094972067,False,False,False,False,False,27
5,31,full,0.0,Unlabeled,0.37423312883435583,0.4662576687116564,0.0,0.0,0.0,0.0,0.0,0.3098159509202454,lh,0.4662576687116564,0.514133870601654,3,3,1,0,326,-0.4662576687116564,0.37423312883435583,,,,,0.4662576687116564,,,,0.3098159509202454,0.2361963190184049,,,,,,,,,,28,Scene,0.0,False,False,False,False,False,31
5,35,full,0.0,Unlabeled,0.0,0.0,0.48863636363636365,0.0,0.0,0.0,0.0,0.0,lh,0.0,0.5053406357765198,1,1,1,0,176,0.48863636363636365,,,,,,,0.48863636363636365,,,,,,,,,,,,,,189,Scene,0.48863636363636365,False,True,True,True,False,35
5,39,full,0.6684782608695652,Body,0.6684782608695652,0.0,0.0,0.0,0.0,0.0,0.0,0.0,lh,0.6684782608695652,0.48164424300193787,1,1,1,1,184,-0.6684782608695652,0.6684782608695652,,,,,,,,,,,,,,,,,,,,179,Scene,0.0,False,False,False,False,False,39
5,41,full,0.0,Unlabeled,0.0,0.0,0.13471502590673576,0.0,0.0,0.0,0.0,0.0,lh,0.0,0.48102566599845886,1,0,0,0,193,0.13471502590673576,,,,,,,,0.13471502590673576,,,,,,,,,,,,,18,Scene,0.13471502590673576,False,True,False,False,False,41
5,47,full,0.0,Unlabeled,0.031746031746031744,0.023809523809523808,0.0,0.0,0.0,0.0,0.0,0.23809523809523808,lh,0.23809523809523808,0.4623631536960602,1,0,0,0,252,-0.23809523809523808,,0.031746031746031744,,0.023809523809523808,,,,,,,,,0.23809523809523808,,,,,,,,3,Scene,0.0,False,False,False,False,False,47
5,49,full,0.0,Unlabeled,0.0,0.0,0.0,0.0,0.0,0.0,0.0,0.0,lh,0.0,0.45416495203971863,0,0,0,0,365,0.0,,,,,,,,,,,,,,,,,,,,,233,Scene,0.0,False,False,False,False,False,49
5,65,full,0.0,Unlabeled,0.0,0.0,0.0,0.0,0.3888888888888889,0.007936507936507936,0.0,0.0,lh,0.3888888888888889,0.3773611783981323,1,1,0,0,252,-0.3888888888888889,,,,,,,,,,,,,,,,0.3888888888888889,,0.007936507936507936,,,61,Scene,0.0,False,False,False,False,False,65
5,66,full,0.0,Unlabeled,0.058823529411764705,0.0,0.0,0.0,0.0,0.0,0.0,0.0,lh,0.058823529411764705,0.3771337866783142,0,0,0,0,272,-0.058823529411764705,0.058823529411764705,,,,,,,,,,,,,,,,,,,,377,Scene,0.0,False,False,False,False,False,66
5,68,full,0.0,Unlabeled,0.0,0.0,0.0,0.0,0.0,0.03508771929824561,0.0,0.0,lh,0.03508771929824561,0.3729315996170044,0,0,0,0,171,-0.03508771929824561,,,,,,,,,,,,,,,,,,,0.03508771929824561,,15,Scene,0.0,False,False,False,False,False,68
5,84,full,0.0,Unlabeled,0.0,0.0,0.0,0.0,0.0,0.0,0.0,0.0,lh,0.0,0.3317497670650482,0,0,0,0,277,0.0,,,,,,,,,,,,,,,,,,,,,207,Scene,0.0,False,False,False,False,False,84
5,121,full,0.0,Unlabeled,0.007042253521126761,0.0,0.0,0.0,0.0,0.0,0.0,0.0,rh,0.007042253521126761,0.5746031403541565,0,0,0,0,284,-0.007042253521126761,0.007042253521126761,,,,,,,,,,,,,,,,,,,,245,Scene,0.0,False,False,False,False,False,121
5,122,full,0.0,Unlabeled,0.23013698630136986,0.01643835616438356,0.0,0.0,0.0,0.052054794520547946,0.4794520547945205,0.0,rh,0.4794520547945205,0.572909951210022,2,1,1,0,365,-0.4794520547945205,,0.23013698630136986,,0.01643835616438356,,,,,,,,,,,,,,,0.052054794520547946,0.4794520547945205,7,Scene,0.0,False,False,False,False,False,122
5,123,full,0.5975103734439834,V2,0.0,0.0,0.0,0.0,0.5975103734439834,0.4024896265560166,0.0,0.0,rh,0.5975103734439834,0.5699483156204224,2,2,2,1,241,-0.5975103734439834,,,,,,,,,,,,,,,,,0.5975103734439834,,0.4024896265560166,,17,Scene,0.0,False,False,False,False,False,123
5,134,full,0.0,Unlabeled,0.0,0.0,0.0,0.0,0.4867549668874172,0.3079470198675497,0.0,0.0,rh,0.4867549668874172,0.5336077809333801,2,2,1,0,302,-0.4867549668874172,,,,,,,,,,,,,,,,0.4867549668874172,,0.3079470198675497,,,60,Scene,0.0,False,False,False,False,False,134
5,136,full,0.9638009049773756,Body,0.9638009049773756,0.0,0.0,0.0,0.0,0.0,0.0,0.0,rh,0.9638009049773756,0.5264740586280823,1,1,1,1,221,-0.9638009049773756,0.9638009049773756,,,,,,,,,,,,,,,,,,,,193,Scene,0.0,False,False,False,False,False,136
5,137,full,0.0,Unlabeled,0.0,0.0,0.0,0.0,0.0,0.0,0.0,0.0,rh,0.0,0.522820770740509,0,0,0,0,203,0.0,,,,,,,,,,,,,,,,,,,,,252,Scene,0.0,False,False,False,False,False,137
5,146,full,0.0,Unlabeled,0.0,0.0,0.0,0.0,0.0,0.0,0.0,0.0,rh,0.0,0.49398019909858704,0,0,0,0,243,0.0,,,,,,,,,,,,,,,,,,,,,358,Scene,0.0,False,False,False,False,False,146
5,147,full,0.0,Unlabeled,0.0,0.0,0.1398176291793313,0.0,0.0,0.0,0.0,0.3465045592705167,rh,0.3465045592705167,0.49031317234039307,2,1,0,0,329,-0.2066869300911854,,,,,,,0.1398176291793313,,,0.3465045592705167,,,,,,,,,,,34,Scene,0.1398176291793313,False,True,False,False,False,147
5,150,full,0.0,Unlabeled,0.0,0.0,0.0,0.0,0.0,0.34831460674157305,0.14606741573033707,0.0,rh,0.34831460674157305,0.47259294986724854,2,1,0,0,178,-0.34831460674157305,,,,,,,,,,,,,,,,,,,0.34831460674157305,0.14606741573033707,13,Scene,0.0,False,False,False,False,False,150
5,154,full,0.0,Unlabeled,0.0,0.0,0.0,0.0,0.0,0.0,0.0,0.0,rh,0.0,0.45569831132888794,0,0,0,0,292,0.0,,,,,,,,,,,,,,,,,,,,,249,Scene,0.0,False,False,False,False,False,154
5,158,full,0.0,Unlabeled,0.19745222929936307,0.34394904458598724,0.0,0.0,0.0,0.0,0.0,0.3471337579617834,rh,0.3471337579617834,0.42916667461395264,3,2,0,0,314,-0.3471337579617834,0.15605095541401273,,0.19745222929936307,0.34394904458598724,,,,,,,0.18471337579617833,0.3471337579617834,,,,,,,,,4,Scene,0.0,False,False,False,False,False,158
5,170,full,0.0,Unlabeled,0.08759124087591241,0.0,0.0,0.0,0.0,0.0,0.0,0.0,rh,0.08759124087591241,0.38539180159568787,0,0,0,0,274,-0.08759124087591241,0.08759124087591241,,,,,,,,,,,,,,,,,,,,415,Scene,0.0,False,False,False,False,False,170
5,173,full,0.0,Unlabeled,0.0,0.0,0.0,0.0,0.0,0.0,0.0,0.0,rh,0.0,0.3821990489959717,0,0,0,0,222,0.0,,,,,,,,,,,,,,,,,,,,,215,Scene,0.0,False,False,False,False,False,173
5,183,full,0.0,Unlabeled,0.0,0.0,0.0,0.0,0.0,0.0,0.0,0.0,rh,0.0,0.3607761263847351,0,0,0,0,193,0.0,,,,,,,,,,,,,,,,,,,,,216,Scene,0.0,False,False,False,False,False,183
5,185,full,0.8075117370892019,Body,0.8075117370892019,0.0,0.6150234741784038,0.0,0.0,0.0,0.0,0.0,rh,0.8075117370892019,0.3597140610218048,2,2,2,2,213,-0.19248826291079812,0.8075117370892019,,,,,,0.6150234741784038,,,,,,,,,,,,,,194,Scene,0.6150234741784038,True,True,True,True,True,185
5,188,full,0.0,Unlabeled,0.0,0.0,0.0,0.0,0.0,0.0,0.0,0.0,rh,0.0,0.3450150191783905,0,0,0,0,190,0.0,,,,,,,,,,,,,,,,,,,,,201,Scene,0.0,False,False,False,False,False,188
5,192,full,0.0,Unlabeled,0.0,0.0,0.0,0.0,0.0,0.0,0.0,0.0,rh,0.0,0.3318817615509033,0,0,0,0,481,0.0,,,,,,,,,,,,,,,,,,,,,399,Scene,0.0,False,False,False,False,False,192
1,4,equal4,0.553921568627451,V2,0.0,0.0,0.0,0.0,0.553921568627451,0.4166666666666667,0.029411764705882353,0.0,lh,0.553921568627451,0.7592077255249023,2,2,2,1,408,-0.553921568627451,,,,,,,,,,,,,,,,,0.553921568627451,,0.4166666666666667,0.029411764705882353,13,Scene,0.0,False,False,False,False,False,4
1,17,equal4,0.7777777777777778,V1,0.0,0.0,0.0,0.7777777777777778,0.06790123456790123,0.0,0.0,0.0,lh,0.7777777777777778,0.6222882866859436,1,1,1,1,162,-0.7777777777777778,,,,,,,,,,,,,,0.7777777777777778,,0.06790123456790123,,,,,51,Scene,0.0,False,False,False,False,False,17
1,121,equal4,0.0,Unlabeled,0.007042253521126761,0.0,0.0,0.0,0.0,0.0,0.0,0.0,rh,0.007042253521126761,0.5746031403541565,0,0,0,0,284,-0.007042253521126761,0.007042253521126761,,,,,,,,,,,,,,,,,,,,245,Scene,0.0,False,False,False,False,False,121
1,124,equal4,0.5807453416149069,V2,0.0,0.0,0.0,0.059006211180124224,0.5807453416149069,0.36024844720496896,0.0,0.0,rh,0.5807453416149069,0.563030481338501,2,2,1,1,322,-0.5807453416149069,,,,,,,,,,,,,,0.059006211180124224,,0.5807453416149069,,0.36024844720496896,,,44,Scene,0.0,False,False,False,False,False,124
2,1,equal4,1.0,Body,1.0,0.05460750853242321,0.0,0.0,0.0,0.0,0.0,0.0,lh,1.0,0.7882688641548157,1,1,1,1,293,-1.0,1.0,,,,,0.05460750853242321,,,,,,,,,,,,,,,41,Scene,0.0,False,False,False,False,False,1
2,85,equal4,0.0,Unlabeled,0.0,0.0,0.0,0.0,0.0,0.0,0.0,0.0,lh,0.0,0.3313343822956085,0,0,0,0,123,0.0,,,,,,,,,,,,,,,,,,,,,473,Scene,0.0,False,False,False,False,False,85
2,131,equal4,0.0,Unlabeled,0.0,0.0,0.1437308868501529,0.0,0.0,0.0,0.0,0.0,rh,0.0,0.5463010668754578,1,0,0,0,327,0.1437308868501529,,,,,,,,0.1437308868501529,,,,,,,,,,,,,8,Scene,0.1437308868501529,False,True,False,False,False,131
2,136,equal4,0.9638009049773756,Body,0.9638009049773756,0.0,0.0,0.0,0.0,0.0,0.0,0.0,rh,0.9638009049773756,0.5264740586280823,1,1,1,1,221,-0.9638009049773756,0.9638009049773756,,,,,,,,,,,,,,,,,,,,193,Scene,0.0,False,False,False,False,False,136
3,27,equal4,0.88268156424581,Body,0.88268156424581,0.0,0.09217877094972067,0.0,0.0,0.0,0.0,0.0,lh,0.88268156424581,0.5291171669960022,1,1,1,1,358,-0.7905027932960893,0.88268156424581,,,,,,0.09217877094972067,,,,,,,,,,,,,,60,Scene,0.09217877094972067,False,False,False,False,False,27
3,85,equal4,0.0,Unlabeled,0.0,0.0,0.0,0.0,0.0,0.0,0.0,0.0,lh,0.0,0.3313343822956085,0,0,0,0,123,0.0,,,,,,,,,,,,,,,,,,,,,473,Scene,0.0,False,False,False,False,False,85
3,129,equal4,0.0,Unlabeled,0.18666666666666668,0.0,0.0,0.0,0.0,0.0,0.0,0.0,rh,0.18666666666666668,0.5526844263076782,1,0,0,0,300,-0.18666666666666668,0.18666666666666668,,,,,,,,,,,,,,,,,,,,412,Scene,0.0,False,False,False,False,False,129
3,155,equal4,0.0,Unlabeled,0.0,0.0,0.010554089709762533,0.0,0.0,0.0,0.0,0.0,rh,0.0,0.4533856213092804,0,0,0,0,379,0.010554089709762533,,,,,,,0.010554089709762533,,,,,,,,,,,,,,199,Scene,0.010554089709762533,False,False,False,False,False,155
4,11,equal4,0.5398773006134969,V3,0.0,0.0,0.0,0.0,0.4601226993865031,0.5398773006134969,0.0,0.0,lh,0.5398773006134969,0.6668669581413269,2,2,2,1,326,-0.5398773006134969,,,,,,,,,,,,,,,,0.4601226993865031,,0.5398773006134969,,,48,Scene,0.0,False,False,False,False,False,11
4,17,equal4,0.7777777777777778,V1,0.0,0.0,0.0,0.7777777777777778,0.06790123456790123,0.0,0.0,0.0,lh,0.7777777777777778,0.6222882866859436,1,1,1,1,162,-0.7777777777777778,,,,,,,,,,,,,,0.7777777777777778,,0.06790123456790123,,,,,51,Scene,0.0,False,False,False,False,False,17
4,121,equal4,0.0,Unlabeled,0.007042253521126761,0.0,0.0,0.0,0.0,0.0,0.0,0.0,rh,0.007042253521126761,0.5746031403541565,0,0,0,0,284,-0.007042253521126761,0.007042253521126761,,,,,,,,,,,,,,,,,,,,245,Scene,0.0,False,False,False,False,False,121
4,122,equal4,0.0,Unlabeled,0.23013698630136986,0.01643835616438356,0.0,0.0,0.0,0.052054794520547946,0.4794520547945205,0.0,rh,0.4794520547945205,0.572909951210022,2,1,1,0,365,-0.4794520547945205,,0.23013698630136986,,0.01643835616438356,,,,,,,,,,,,,,,0.052054794520547946,0.4794520547945205,7,Scene,0.0,False,False,False,False,False,122
5,5,equal4,0.550314465408805,V1,0.0,0.0,0.0,0.550314465408805,0.2672955974842767,0.0,0.0,0.0,lh,0.550314465408805,0.7401266098022461,2,2,1,1,318,-0.550314465408805,,,,,,,,,,,,,,,0.550314465408805,,0.2672955974842767,,,,26,Scene,0.0,False,False,False,False,False,5
5,9,equal4,1.0,Body,1.0,0.0,0.0,0.0,0.0,0.0,0.0,0.0,lh,1.0,0.6841720342636108,1,1,1,1,85,-1.0,1.0,,,,,,,,,,,,,,,,,,,,58,Scene,0.0,False,False,False,False,False,9
5,134,equal4,0.0,Unlabeled,0.0,0.0,0.0,0.0,0.4867549668874172,0.3079470198675497,0.0,0.0,rh,0.4867549668874172,0.5336077809333801,2,2,1,0,302,-0.4867549668874172,,,,,,,,,,,,,,,,0.4867549668874172,,0.3079470198675497,,,60,Scene,0.0,False,False,False,False,False,134
5,138,equal4,0.5953488372093023,Body,0.5953488372093023,0.4441860465116279,0.0,0.0,0.0,0.0,0.0,0.0,rh,0.5953488372093023,0.512506902217865,2,2,2,1,430,-0.5953488372093023,,,0.5953488372093023,0.14651162790697675,0.4441860465116279,,,,,,,,,,,,,,,,1,Scene,0.0,False,False,False,False,False,138
