background_clip,background_dino,condition,control_type,dataset_idx,experiment,face_detection_success,face_dino,face_lpips,image_category,masked_roi,person_dino,person_lpips,person_mask_method,person_region_consistency,scene_class_consistency,seed
,,mask_Body_mean,target_roi,973,E3_interaction,0.0,0.10099411755800247,0.8862714171409607,Face,Body,,,,,,12345
,,mask_Body_pure_random_01_mean,pure_matched_random,973,E3_interaction,0.0,0.10526968538761139,0.8712061047554016,Face,Body,,,,,,12345
,,mask_Body_pure_random_02_mean,pure_matched_random,973,E3_interaction,0.0,0.11461152136325836,0.8700255155563354,Face,Body,,,,,,12345
,,mask_Body_pure_random_03_mean,pure_matched_random,973,E3_interaction,0.0,0.20868048071861267,0.8681562542915344,Face,Body,,,,,,12345
,,mask_Body_pure_random_04_mean,pure_matched_random,973,E3_interaction,0.0,0.17421066761016846,0.850524365901947,Face,Body,,,,,,12345
,,mask_Body_pure_random_05_mean,pure_matched_random,973,E3_interaction,0.0,0.21805432438850403,0.867659866809845,Face,Body,,,,,,12345
,,mask_Face_mean,target_roi,973,E3_interaction,0.0,0.10863777995109558,0.8719189167022705,Face,Face,,,,,,12345
,,mask_Face_pure_random_01_mean,pure_matched_random,973,E3_interaction,0.0,0.1048692911863327,0.8744094371795654,Face,Face,,,,,,12345
,,mask_Face_pure_random_02_mean,pure_matched_random,973,E3_interaction,0.0,0.16107067465782166,0.8788959980010986,Face,Face,,,,,,12345
,,mask_Face_pure_random_03_mean,pure_matched_random,973,E3_interaction,0.0,0.21784551441669464,0.8241277933120728,Face,Face,,,,,,12345
,,mask_Face_pure_random_04_mean,pure_matched_random,973,E3_interaction,0.0,0.11765975505113602,0.8679068684577942,Face,Face,,,,,,12345
,,mask_Face_pure_random_05_mean,pure_matched_random,973,E3_interaction,0.0,0.21128851175308228,0.8249687552452087,Face,Face,,,,,,12345
,,mask_Scene_mean,target_roi,973,E3_interaction,0.0,0.20581410825252533,0.847011387348175,Face,Scene,,,,,,12345
,,mask_Scene_pure_random_01_mean,pure_matched_random,973,E3_interaction,0.0,0.10803217440843582,0.868327260017395,Face,Scene,,,,,,12345
,,mask_Scene_pure_random_02_mean,pure_matched_random,973,E3_interaction,0.0,0.10916344821453094,0.8648325204849243,Face,Scene,,,,,,12345
,,mask_Scene_pure_random_03_mean,pure_matched_random,973,E3_interaction,0.0,0.10674667358398438,0.871218204498291,Face,Scene,,,,,,12345
,,mask_Scene_pure_random_04_mean,pure_matched_random,973,E3_interaction,0.0,0.20743390917778015,0.8697317838668823,Face,Scene,,,,,,12345
,,mask_Scene_pure_random_05_mean,pure_matched_random,973,E3_interaction,0.0,0.11767410486936569,0.86900395154953,Face,Scene,,,,,,12345
,,no_mask,none,973,E3_interaction,0.0,0.107241690158844,0.8715379238128662,Face,none,,,,,,12345
,,no_mask_repeat,none,973,E3_interaction,0.0,0.107241690158844,0.8715379238128662,Face,none,,,,,,12345
,,mask_Body_mean,target_roi,816,E3_interaction,,,,Body,Body,0.2273780107498169,0.5769548416137695,coco_polygon,-0.04462699139216196,,12345
,,mask_Body_pure_random_01_mean,pure_matched_random,816,E3_interaction,,,,Body,Body,0.24884122610092163,0.5737259984016418,coco_polygon,-0.04705220348725735,,12345
,,mask_Body_pure_random_02_mean,pure_matched_random,816,E3_interaction,,,,Body,Body,0.22851917147636414,0.5769000053405762,coco_polygon,-0.045432051279473536,,12345
,,mask_Body_pure_random_03_mean,pure_matched_random,816,E3_interaction,,,,Body,Body,0.17935329675674438,0.5705888271331787,coco_polygon,-0.04438621771890167,,12345
,,mask_Body_pure_random_04_mean,pure_matched_random,816,E3_interaction,,,,Body,Body,0.24005983769893646,0.574856698513031,coco_polygon,-0.043729280897917715,,12345
,,mask_Body_pure_random_05_mean,pure_matched_random,816,E3_interaction,,,,Body,Body,0.21887415647506714,0.5746290683746338,coco_polygon,-0.04533497289150709,,12345
,,mask_Face_mean,target_roi,816,E3_interaction,,,,Body,Face,0.22403697669506073,0.5744727849960327,coco_polygon,-0.04363635651049976,,12345
,,mask_Face_pure_random_01_mean,pure_matched_random,816,E3_interaction,,,,Body,Face,0.24601837992668152,0.5745993852615356,coco_polygon,-0.04609969816563965,,12345
,,mask_Face_pure_random_02_mean,pure_matched_random,816,E3_interaction,,,,Body,Face,0.2444905936717987,0.5754114389419556,coco_polygon,-0.042369850613952736,,12345
,,mask_Face_pure_random_03_mean,pure_matched_random,816,E3_interaction,,,,Body,Face,0.24626170098781586,0.5822333097457886,coco_polygon,-0.044884730152363876,,12345
,,mask_Face_pure_random_04_mean,pure_matched_random,816,E3_interaction,,,,Body,Face,0.2560276389122009,0.5812299251556396,coco_polygon,-0.03635030148635861,,12345
,,mask_Face_pure_random_05_mean,pure_matched_random,816,E3_interaction,,,,Body,Face,0.24242672324180603,0.581082284450531,coco_polygon,-0.03923128096499695,,12345
,,mask_Scene_mean,target_roi,816,E3_interaction,,,,Body,Scene,0.1942208856344223,0.578243613243103,coco_polygon,-0.02225471877006739,,12345
,,mask_Scene_pure_random_01_mean,pure_matched_random,816,E3_interaction,,,,Body,Scene,0.24843212962150574,0.5730443596839905,coco_polygon,-0.04149540160585731,,12345
,,mask_Scene_pure_random_02_mean,pure_matched_random,816,E3_interaction,,,,Body,Scene,0.2686293125152588,0.5777556300163269,coco_polygon,-0.04405817839584581,,12345
,,mask_Scene_pure_random_03_mean,pure_matched_random,816,E3_interaction,,,,Body,Scene,0.25360041856765747,0.5747011303901672,coco_polygon,-0.04271785758957065,,12345
,,mask_Scene_pure_random_04_mean,pure_matched_random,816,E3_interaction,,,,Body,Scene,0.17333845794200897,0.6111763119697571,coco_polygon,-0.085648143425996,,12345
,,mask_Scene_pure_random_05_mean,pure_matched_random,816,E3_interaction,,,,Body,Scene,0.2527722716331482,0.5746922492980957,coco_polygon,-0.042513964032885584,,12345
,,no_mask,none,816,E3_interaction,,,,Body,none,0.22590260207653046,0.5757941007614136,coco_polygon,-0.044773705304171824,,12345
,,no_mask_repeat,none,816,E3_interaction,,,,Body,none,0.22590260207653046,0.5757941007614136,coco_polygon,-0.044773705304171824,,12345
0.5936105251312256,0.0007296744734048843,mask_Body_mean,target_roi,999,E3_interaction,,,,Scene,Body,,,coco_polygon,,1.0,12345
0.681332528591156,0.023989442735910416,mask_Body_pure_random_01_mean,pure_matched_random,999,E3_interaction,,,,Scene,Body,,,coco_polygon,,1.0,12345
0.6725589036941528,0.04091987758874893,mask_Body_pure_random_02_mean,pure_matched_random,999,E3_interaction,,,,Scene,Body,,,coco_polygon,,1.0,12345
0.6745533347129822,0.028672322630882263,mask_Body_pure_random_03_mean,pure_matched_random,999,E3_interaction,,,,Scene,Body,,,coco_polygon,,1.0,12345
0.639610767364502,-0.0093106459826231,mask_Body_pure_random_04_mean,pure_matched_random,999,E3_interaction,,,,Scene,Body,,,coco_polygon,,1.0,12345
0.6726065278053284,0.034750521183013916,mask_Body_pure_random_05_mean,pure_matched_random,999,E3_interaction,,,,Scene,Body,,,coco_polygon,,1.0,12345
0.6912159323692322,0.01660316064953804,mask_Face_mean,target_roi,999,E3_interaction,,,,Scene,Face,,,coco_polygon,,1.0,12345
0.6682085394859314,0.017304837703704834,mask_Face_pure_random_01_mean,pure_matched_random,999,E3_interaction,,,,Scene,Face,,,coco_polygon,,1.0,12345
0.6681554317474365,0.01919589936733246,mask_Face_pure_random_02_mean,pure_matched_random,999,E3_interaction,,,,Scene,Face,,,coco_polygon,,1.0,12345
0.6290538311004639,0.00654627475887537,mask_Face_pure_random_03_mean,pure_matched_random,999,E3_interaction,,,,Scene,Face,,,coco_polygon,,1.0,12345
0.699229896068573,0.004024878144264221,mask_Face_pure_random_04_mean,pure_matched_random,999,E3_interaction,,,,Scene,Face,,,coco_polygon,,1.0,12345
0.6327295899391174,0.009501410648226738,mask_Face_pure_random_05_mean,pure_matched_random,999,E3_interaction,,,,Scene,Face,,,coco_polygon,,1.0,12345
0.6559444069862366,0.028422456234693527,mask_Scene_mean,target_roi,999,E3_interaction,,,,Scene,Scene,,,coco_polygon,,1.0,12345
0.6447706818580627,-0.010020904242992401,mask_Scene_pure_random_01_mean,pure_matched_random,999,E3_interaction,,,,Scene,Scene,,,coco_polygon,,1.0,12345
0.676237940788269,-0.007900024764239788,mask_Scene_pure_random_02_mean,pure_matched_random,999,E3_interaction,,,,Scene,Scene,,,coco_polygon,,1.0,12345
0.6765748858451843,-0.0016420911997556686,mask_Scene_pure_random_03_mean,pure_matched_random,999,E3_interaction,,,,Scene,Scene,,,coco_polygon,,1.0,12345
0.6656299233436584,0.028513453900814056,mask_Scene_pure_random_04_mean,pure_matched_random,999,E3_interaction,,,,Scene,Scene,,,coco_polygon,,1.0,12345
0.6332454085350037,0.027856970205903053,mask_Scene_pure_random_05_mean,pure_matched_random,999,E3_interaction,,,,Scene,Scene,,,coco_polygon,,1.0,12345
0.6646543741226196,0.03052123449742794,no_mask,none,999,E3_interaction,,,,Scene,none,,,coco_polygon,,1.0,12345
0.6646543741226196,0.03052123449742794,no_mask_repeat,none,999,E3_interaction,,,,Scene,none,,,coco_polygon,,1.0,12345
