background_clip,background_dino,clip,condition,control_type,dataset_idx,dino,experiment,face_detection_success,face_detector_backend,face_dino,face_lpips,image_category,lpips,masked_roi,person_dino,person_lpips,person_mask_method,person_region_consistency,pixel_corr,scene_class_consistency,seed,ssim
,,0.5597646832466125,mask_Body_mean,target_roi,973,0.28976184129714966,E3_interaction,0.0,skimage_bundled_lbp_smoke_fallback,0.10099411755800247,0.8862714171409607,Face,0.7442302107810974,Body,,,,,-0.0827909632979048,,12345,0.3610602314351524
,,0.5446237921714783,mask_Body_pure_random_01_mean,pure_matched_random,973,0.26412349939346313,E3_interaction,0.0,skimage_bundled_lbp_smoke_fallback,0.10526968538761139,0.8712061047554016,Face,0.7443963885307312,Body,,,,,-0.07135804404278419,,12345,0.36603041560428173
,,0.5426994562149048,mask_Body_pure_random_02_mean,pure_matched_random,973,0.25818300247192383,E3_interaction,0.0,skimage_bundled_lbp_smoke_fallback,0.11461152136325836,0.8700255155563354,Face,0.7424483895301819,Body,,,,,-0.07054345287692866,,12345,0.36637557873995613
,,0.5119225382804871,mask_Body_pure_random_03_mean,pure_matched_random,973,0.2544015645980835,E3_interaction,0.0,skimage_bundled_lbp_smoke_fallback,0.20868048071861267,0.8681562542915344,Face,0.7491224408149719,Body,,,,,-0.0768213118255283,,12345,0.3738135213686772
,,0.5851340293884277,mask_Body_pure_random_04_mean,pure_matched_random,973,0.3316611647605896,E3_interaction,0.0,skimage_bundled_lbp_smoke_fallback,0.17421066761016846,0.850524365901947,Face,0.7420340776443481,Body,,,,,-0.09806874726676225,,12345,0.36059255087626113
,,0.4888835549354553,mask_Body_pure_random_05_mean,pure_matched_random,973,0.196562260389328,E3_interaction,0.0,skimage_bundled_lbp_smoke_fallback,0.21805432438850403,0.867659866809845,Face,0.7491419315338135,Body,,,,,-0.08689641093845124,,12345,0.37006642165833586
,,0.5389006733894348,mask_Face_mean,target_roi,973,0.26758313179016113,E3_interaction,0.0,skimage_bundled_lbp_smoke_fallback,0.10863777995109558,0.8719189167022705,Face,0.7446771860122681,Face,,,,,-0.0715910020271136,,12345,0.3662513096775326
,,0.5457888245582581,mask_Face_pure_random_01_mean,pure_matched_random,973,0.26685094833374023,E3_interaction,0.0,skimage_bundled_lbp_smoke_fallback,0.1048692911863327,0.8744094371795654,Face,0.7451497912406921,Face,,,,,-0.07412691006530546,,12345,0.36606268887218424
,,0.5409454107284546,mask_Face_pure_random_02_mean,pure_matched_random,973,0.303622841835022,E3_interaction,0.0,skimage_bundled_lbp_smoke_fallback,0.16107067465782166,0.8788959980010986,Face,0.7472609877586365,Face,,,,,-0.0709017148951715,,12345,0.3743575932108292
,,0.5641985535621643,mask_Face_pure_random_03_mean,pure_matched_random,973,0.35600337386131287,E3_interaction,0.0,skimage_bundled_lbp_smoke_fallback,0.21784551441669464,0.8241277933120728,Face,0.7355257272720337,Face,,,,,-0.06612846521790111,,12345,0.35659737790574264
,,0.5488589406013489,mask_Face_pure_random_04_mean,pure_matched_random,973,0.26714593172073364,E3_interaction,0.0,skimage_bundled_lbp_smoke_fallback,0.11765975505113602,0.8679068684577942,Face,0.7403057813644409,Face,,,,,-0.06223834513181221,,12345,0.3706367994831766
,,0.5740547776222229,mask_Face_pure_random_05_mean,pure_matched_random,973,0.34026795625686646,E3_interaction,0.0,skimage_bundled_lbp_smoke_fallback,0.21128851175308228,0.8249687552452087,Face,0.7395150661468506,Face,,,,,-0.065081913784075,,12345,0.3565692562164678
,,0.6509270071983337,mask_Scene_mean,target_roi,973,0.1990680992603302,E3_interaction,0.0,skimage_bundled_lbp_smoke_fallback,0.20581410825252533,0.847011387348175,Face,0.744598388671875,Scene,,,,,-0.11815732060976993,,12345,0.35837343166700525
,,0.5561679005622864,mask_Scene_pure_random_01_mean,pure_matched_random,973,0.2745916247367859,E3_interaction,0.0,skimage_bundled_lbp_smoke_fallback,0.10803217440843582,0.868327260017395,Face,0.7468146085739136,Scene,,,,,-0.0726164712928612,,12345,0.36735001634431574
,,0.5067653059959412,mask_Scene_pure_random_02_mean,pure_matched_random,973,0.24427086114883423,E3_interaction,0.0,skimage_bundled_lbp_smoke_fallback,0.10916344821453094,0.8648325204849243,Face,0.7458999752998352,Scene,,,,,-0.0746226475542633,,12345,0.374672070786237
,,0.544172465801239,mask_Scene_pure_random_03_mean,pure_matched_random,973,0.2698575556278229,E3_interaction,0.0,skimage_bundled_lbp_smoke_fallback,0.10674667358398438,0.871218204498291,Face,0.7450655698776245,Scene,,,,,-0.07024316068207617,,12345,0.3669248750384278
,,0.5262351036071777,mask_Scene_pure_random_04_mean,pure_matched_random,973,0.1792990267276764,E3_interaction,0.0,skimage_bundled_lbp_smoke_fallback,0.20743390917778015,0.8697317838668823,Face,0.748572826385498,Scene,,,,,-0.0769967692780529,,12345,0.3783885455285629
,,0.5525947213172913,mask_Scene_pure_random_05_mean,pure_matched_random,973,0.25368446111679077,E3_interaction,0.0,skimage_bundled_lbp_smoke_fallback,0.11767410486936569,0.86900395154953,Face,0.7426994442939758,Scene,,,,,-0.07021678854638144,,12345,0.36541439228502315
,,0.5470852255821228,no_mask,none,973,0.26016777753829956,E3_interaction,0.0,skimage_bundled_lbp_smoke_fallback,0.107241690158844,0.8715379238128662,Face,0.7436922192573547,none,,,,,-0.07107759013264661,,12345,0.3655005521876332
,,0.5470852255821228,no_mask_repeat,none,973,0.26016777753829956,E3_interaction,0.0,skimage_bundled_lbp_smoke_fallback,0.107241690158844,0.8715379238128662,Face,0.7436922192573547,none,,,,,-0.07107759013264661,,12345,0.3655005521876332
,,0.3750576376914978,mask_Body_mean,target_roi,816,0.14178496599197388,E3_interaction,,,,,Body,0.6813021302223206,Body,0.2273780107498169,0.5769548416137695,coco_polygon,0.2273780107498169,-0.09300477765337536,,12345,0.20170906037120465
,,0.4268655478954315,mask_Body_pure_random_01_mean,pure_matched_random,816,0.13385170698165894,E3_interaction,,,,,Body,0.6815636157989502,Body,0.24884122610092163,0.5737259984016418,coco_polygon,0.24884122610092163,-0.09409421966247891,,12345,0.19732345952714625
,,0.3768787980079651,mask_Body_pure_random_02_mean,pure_matched_random,816,0.1426880806684494,E3_interaction,,,,,Body,0.682050347328186,Body,0.22851917147636414,0.5769000053405762,coco_polygon,0.22851917147636414,-0.09351766332383904,,12345,0.2002659018348503
,,0.4029184877872467,mask_Body_pure_random_03_mean,pure_matched_random,816,0.10153980553150177,E3_interaction,,,,,Body,0.668906569480896,Body,0.17935329675674438,0.5705888271331787,coco_polygon,0.17935329675674438,-0.10115251752002767,,12345,0.18114736691070016
,,0.4149845838546753,mask_Body_pure_random_04_mean,pure_matched_random,816,0.14069147408008575,E3_interaction,,,,,Body,0.6812735795974731,Body,0.24005983769893646,0.574856698513031,coco_polygon,0.24005983769893646,-0.09216142032126612,,12345,0.19961578826546322
,,0.3822600841522217,mask_Body_pure_random_05_mean,pure_matched_random,816,0.14155760407447815,E3_interaction,,,,,Body,0.6802179217338562,Body,0.21887415647506714,0.5746290683746338,coco_polygon,0.21887415647506714,-0.09346433872442637,,12345,0.20026196969315765
,,0.3747975528240204,mask_Face_mean,target_roi,816,0.13974158465862274,E3_interaction,,,,,Body,0.6806418299674988,Face,0.22403697669506073,0.5744727849960327,coco_polygon,0.22403697669506073,-0.09252007612814069,,12345,0.2005122532091522
,,0.41387397050857544,mask_Face_pure_random_01_mean,pure_matched_random,816,0.15090642869472504,E3_interaction,,,,,Body,0.6804662942886353,Face,0.24601837992668152,0.5745993852615356,coco_polygon,0.24601837992668152,-0.09366321162454562,,12345,0.1982914214560633
,,0.40647587180137634,mask_Face_pure_random_02_mean,pure_matched_random,816,0.15844854712486267,E3_interaction,,,,,Body,0.6794919967651367,Face,0.2444905936717987,0.5754114389419556,coco_polygon,0.2444905936717987,-0.09026884691057747,,12345,0.19835324199562293
,,0.3595995306968689,mask_Face_pure_random_03_mean,pure_matched_random,816,0.1421298384666443,E3_interaction,,,,,Body,0.6846151947975159,Face,0.24626170098781586,0.5822333097457886,coco_polygon,0.24626170098781586,-0.09412465015542384,,12345,0.20010164357572202
,,0.40121662616729736,mask_Face_pure_random_04_mean,pure_matched_random,816,0.132284477353096,E3_interaction,,,,,Body,0.6848145127296448,Face,0.2560276389122009,0.5812299251556396,coco_polygon,0.2560276389122009,-0.08583888257763944,,12345,0.19926986944739858
,,0.35828474164009094,mask_Face_pure_random_05_mean,pure_matched_random,816,0.1419002264738083,E3_interaction,,,,,Body,0.6826627850532532,Face,0.24242672324180603,0.581082284450531,coco_polygon,0.24242672324180603,-0.08935979363451921,,12345,0.20114654577489463
,,0.363413006067276,mask_Scene_mean,target_roi,816,0.1156957596540451,E3_interaction,,,,,Body,0.6785654425621033,Scene,0.1942208856344223,0.578243613243103,coco_polygon,0.1942208856344223,-0.07404289872760543,,12345,0.20143554794183868
,,0.3730037212371826,mask_Scene_pure_random_01_mean,pure_matched_random,816,0.14144697785377502,E3_interaction,,,,,Body,0.6784902811050415,Scene,0.24843212962150574,0.5730443596839905,coco_polygon,0.24843212962150574,-0.09008143679837835,,12345,0.19833340973532954
,,0.39316433668136597,mask_Scene_pure_random_02_mean,pure_matched_random,816,0.15334808826446533,E3_interaction,,,,,Body,0.6815423965454102,Scene,0.2686293125152588,0.5777556300163269,coco_polygon,0.2686293125152588,-0.08971843180515005,,12345,0.1977832661671522
,,0.4024387300014496,mask_Scene_pure_random_03_mean,pure_matched_random,816,0.15709048509597778,E3_interaction,,,,,Body,0.6786603927612305,Scene,0.25360041856765747,0.5747011303901672,coco_polygon,0.25360041856765747,-0.09157030656224287,,12345,0.19837422438489605
,,0.5664900541305542,mask_Scene_pure_random_04_mean,pure_matched_random,816,0.1316334307193756,E3_interaction,,,,,Body,0.7190656065940857,Scene,0.17333845794200897,0.6111763119697571,coco_polygon,0.17333845794200897,-0.10683298161551232,,12345,0.18680316931641852
,,0.39832019805908203,mask_Scene_pure_random_05_mean,pure_matched_random,816,0.15641692280769348,E3_interaction,,,,,Body,0.6790602803230286,Scene,0.2527722716331482,0.5746922492980957,coco_polygon,0.2527722716331482,-0.09149916036628844,,12345,0.19841845347093054
,,0.3805235028266907,no_mask,none,816,0.14463265240192413,E3_interaction,,,,,Body,0.6811261177062988,none,0.22590260207653046,0.5757941007614136,coco_polygon,0.22590260207653046,-0.09309153741046627,,12345,0.20060213993855072
,,0.3805235028266907,no_mask_repeat,none,816,0.14463265240192413,E3_interaction,,,,,Body,0.6811261177062988,none,0.22590260207653046,0.5757941007614136,coco_polygon,0.22590260207653046,-0.09309153741046627,,12345,0.20060213993855072
0.5936105251312256,0.0007296744734048843,0.5936105251312256,mask_Body_mean,target_roi,999,0.0007296744734048843,E3_interaction,,,,,Scene,0.7514638304710388,Body,,,coco_polygon,,0.09760164899357628,1.0,12345,0.3539119878766001
0.681332528591156,0.023989442735910416,0.681332528591156,mask_Body_pure_random_01_mean,pure_matched_random,999,0.023989442735910416,E3_interaction,,,,,Scene,0.7280908226966858,Body,,,coco_polygon,,0.08178334149854502,1.0,12345,0.32279951780412464
0.6725589036941528,0.04091987758874893,0.6725589036941528,mask_Body_pure_random_02_mean,pure_matched_random,999,0.04091987758874893,E3_interaction,,,,,Scene,0.7228160500526428,Body,,,coco_polygon,,0.0799535364323354,1.0,12345,0.31780197553290923
0.6745533347129822,0.028672322630882263,0.6745533347129822,mask_Body_pure_random_03_mean,pure_matched_random,999,0.028672322630882263,E3_interaction,,,,,Scene,0.7250654101371765,Body,,,coco_polygon,,0.08107333113236305,1.0,12345,0.3188710693916533
0.639610767364502,-0.0093106459826231,0.639610767364502,mask_Body_pure_random_04_mean,pure_matched_random,999,-0.0093106459826231,E3_interaction,,,,,Scene,0.7368840575218201,Body,,,coco_polygon,,0.04819626319594813,1.0,12345,0.3235232869442442
0.6726065278053284,0.034750521183013916,0.6726065278053284,mask_Body_pure_random_05_mean,pure_matched_random,999,0.034750521183013916,E3_interaction,,,,,Scene,0.7273830771446228,Body,,,coco_polygon,,0.08016872102506302,1.0,12345,0.3185798492346774
0.6912159323692322,0.01660316064953804,0.6912159323692322,mask_Face_mean,target_roi,999,0.01660316064953804,E3_interaction,,,,,Scene,0.7263777256011963,Face,,,coco_polygon,,0.0807926322430738,1.0,12345,0.3195751998512605
0.6682085394859314,0.017304837703704834,0.6682085394859314,mask_Face_pure_random_01_mean,pure_matched_random,999,0.017304837703704834,E3_interaction,,,,,Scene,0.729923665523529,Face,,,coco_polygon,,0.08181619729499459,1.0,12345,0.31883243766013514
0.6681554317474365,0.01919589936733246,0.6681554317474365,mask_Face_pure_random_02_mean,pure_matched_random,999,0.01919589936733246,E3_interaction,,,,,Scene,0.7199702858924866,Face,,,coco_polygon,,0.08468510507031475,1.0,12345,0.3179003973238526
0.6290538311004639,0.00654627475887537,0.6290538311004639,mask_Face_pure_random_03_mean,pure_matched_random,999,0.00654627475887537,E3_interaction,,,,,Scene,0.74720299243927,Face,,,coco_polygon,,0.10464979978274615,1.0,12345,0.3542291013621724
0.699229896068573,0.004024878144264221,0.699229896068573,mask_Face_pure_random_04_mean,pure_matched_random,999,0.004024878144264221,E3_interaction,,,,,Scene,0.7110273241996765,Face,,,coco_polygon,,0.10005698351129702,1.0,12345,0.3190255968665942
0.6327295899391174,0.009501410648226738,0.6327295899391174,mask_Face_pure_random_05_mean,pure_matched_random,999,0.009501410648226738,E3_interaction,,,,,Scene,0.7444871664047241,Face,,,coco_polygon,,0.1041703010348245,1.0,12345,0.3555601965541876
0.6559444069862366,0.028422456234693527,0.6559444069862366,mask_Scene_mean,target_roi,999,0.028422456234693527,E3_interaction,,,,,Scene,0.7258211374282837,Scene,,,coco_polygon,,0.07960490071287,1.0,12345,0.3184786867498725
0.6447706818580627,-0.010020904242992401,0.6447706818580627,mask_Scene_pure_random_01_mean,pure_matched_random,999,-0.010020904242992401,E3_interaction,,,,,Scene,0.7377235889434814,Scene,,,coco_polygon,,0.04941872560819229,1.0,12345,0.32535352335827905
0.676237940788269,-0.007900024764239788,0.676237940788269,mask_Scene_pure_random_02_mean,pure_matched_random,999,-0.007900024764239788,E3_interaction,,,,,Scene,0.7350293397903442,Scene,,,coco_polygon,,0.038774845795663246,1.0,12345,0.3270213293378266
0.6765748858451843,-0.0016420911997556686,0.6765748858451843,mask_Scene_pure_random_03_mean,pure_matched_random,999,-0.0016420911997556686,E3_interaction,,,,,Scene,0.7331571578979492,Scene,,,coco_polygon,,0.09362576144052814,1.0,12345,0.3341644736898409
0.6656299233436584,0.028513453900814056,0.6656299233436584,mask_Scene_pure_random_04_mean,pure_matched_random,999,0.028513453900814056,E3_interaction,,,,,Scene,0.7217307090759277,Scene,,,coco_polygon,,0.08117702459472445,1.0,12345,0.3311095370720188
0.6332454085350037,0.027856970205903053,0.6332454085350037,mask_Scene_pure_random_05_mean,pure_matched_random,999,0.027856970205903053,E3_interaction,,,,,Scene,0.7363364100456238,Scene,,,coco_polygon,,0.07602181814258943,1.0,12345,0.33716143465255083
0.6646543741226196,0.03052123449742794,0.6646543741226196,no_mask,none,999,0.03052123449742794,E3_interaction,,,,,Scene,0.7284443378448486,none,,,coco_polygon,,0.07996375783268637,1.0,12345,0.3201064312296886
0.6646543741226196,0.03052123449742794,0.6646543741226196,no_mask_repeat,none,999,0.03052123449742794,E3_interaction,,,,,Scene,0.7284443378448486,none,,,coco_polygon,,0.07996375783268637,1.0,12345,0.3201064312296886
