analysis_status,image_category,masked_roi,max,mean,median,metric,min,num_images,positive_fraction,q25,q75,std
descriptive_only,Body,Body,0.026357253392537434,-0.00912570055325826,-0.006868764758110046,clip,-0.047620912392934166,50,0.4,-0.022425617277622226,0.005673840641975405,0.01971683981722074
descriptive_only,Body,Body,0.0421817642947038,-0.003123073782771826,-0.003890343755483628,dino,-0.05525000902513663,50,0.42,-0.018776509289940197,0.012790449832876524,0.023628411719758075
descriptive_only,Body,Body,0.031502850850423175,0.0007890356381734211,0.000343414147694906,lpips,-0.014434238274892172,50,0.56,-0.002620994051297506,0.0038561036189397177,0.006756680125805889
descriptive_only,Body,Body,0.06441794087489446,0.002211057639370361,0.0018143715957800548,person_dino,-0.07869279483954111,50,0.54,-0.011847555761535962,0.016454380005598065,0.025298146231051963
descriptive_only,Body,Body,0.017300389210383096,0.0015792579849561055,0.0009989728530248006,person_lpips,-0.009206674496332804,50,0.62,-0.00135353555281957,0.0032709387441476187,0.004705989738482896
descriptive_only,Body,Body,0.024916002737901913,-0.00015940252057616697,-0.00015396560320810195,person_region_consistency,-0.031507778518177154,50,0.5,-0.0058888854699134284,0.0073326658136713,0.012723620295560123
descriptive_only,Body,Body,0.059588781505026896,0.00039149767826617297,0.0009565155340179072,pixel_corr,-0.07288399711797174,50,0.52,-0.007308869185063094,0.008013486860582127,0.02026579723846502
descriptive_only,Body,Body,0.03233600117450882,-0.0007627798133351998,0.00053377880871479,ssim,-0.0363822507722936,50,0.58,-0.003923573631842935,0.002833724737867304,0.010020832655158832
descriptive_only,Body,Face,0.047984786828358966,-0.003463545779387156,-0.00517294704914093,clip,-0.04422355890274048,50,0.4,-0.011715559164683025,0.0031692554553349813,0.017048185892877862
descriptive_only,Body,Face,0.11944628370304904,-0.0005267202059427898,0.002196736012895901,dino,-0.09398128887017569,50,0.58,-0.012024827122998736,0.010431258551155526,0.028958338067382187
descriptive_only,Body,Face,0.008826084931691488,-0.0007052679061889648,-0.0006448527177174885,lpips,-0.009372607866923016,50,0.42,-0.003014586369196574,0.0021430055300394693,0.0041544440926504535
descriptive_only,Body,Face,0.05478203694025676,-0.0010585610062504801,-0.0011786339183648426,person_dino,-0.04923861523469289,50,0.44,-0.016629006216923394,0.01190377523501714,0.021823548340758683
descriptive_only,Body,Face,0.005709027250607808,-0.00017886586983998618,-0.0001501182715098063,person_lpips,-0.007232752442359924,50,0.48,-0.0019503871599833168,0.0018903436760107678,0.0029169297988642963
descriptive_only,Body,Face,0.034547735581195345,-0.0031338508801744248,-0.0011210601062998722,person_region_consistency,-0.08884008862962008,50,0.42,-0.006434848819522086,0.003164219989039082,0.01855406733862701
descriptive_only,Body,Face,0.02561298003002351,-0.002245741738069437,0.0006523903294769712,pixel_corr,-0.06229106452659938,50,0.52,-0.0031581493057797234,0.0040719191009652485,0.014117773101006065
descriptive_only,Body,Face,0.008449061231021404,8.717344025563139e-05,0.000141821034862094,ssim,-0.01873837203327305,50,0.56,-0.0016930669526865475,0.001822733414961074,0.004156605581034031
descriptive_only,Body,Scene,0.07905222177505493,0.0060110579927762356,0.0020001818736394257,clip,-0.04964334269364675,50,0.6,-0.010245532790819804,0.024839461346467334,0.028612873480336833
descriptive_only,Body,Scene,0.21095801827808222,0.006891397536111378,7.605167726675485e-05,dino,-0.09518417517344158,50,0.5,-0.018672937992960215,0.022441511605090152,0.05554367116783086
descriptive_only,Body,Scene,0.03292150894800822,-0.0018783430258433023,-0.003627610206604004,lpips,-0.025975668430328367,50,0.34,-0.008647930622100829,0.0037026683489481604,0.011847395416179237
descriptive_only,Body,Scene,0.09878537654876711,-0.0013520811181515447,-0.007031416582564512,person_dino,-0.08862829754749935,50,0.38,-0.02725575302417079,0.026263831928372387,0.04183995731365212
descriptive_only,Body,Scene,0.030473075310389203,-0.0019181957642237346,-0.001662246882915497,person_lpips,-0.015012087424596152,50,0.36,-0.0053914420306682585,0.0012685964504877724,0.007155570717575716
descriptive_only,Body,Scene,0.11138658706800462,-0.0003114614220301737,8.913689722172429e-05,person_region_consistency,-0.09388489986462221,50,0.5,-0.018277316685596574,0.016135090599543368,0.03102574088268677
descriptive_only,Body,Scene,0.14379544270540748,0.005622842083420914,-0.0014410605980953643,pixel_corr,-0.06066525885250846,50,0.48,-0.009969686732250085,0.012926451725807812,0.030243503483247686
descriptive_only,Body,Scene,0.027129521819738576,0.002975541964294401,0.0020044411151220187,ssim,-0.020910277172185465,50,0.58,-0.004610331962070678,0.008770457642298017,0.01041643506819285
descriptive_only,Face,Body,0.11747968693574269,0.0028207124085039706,0.003684043884277345,clip,-0.10143043398857117,37,0.5945945945945946,-0.007790265480677286,0.017016647259394325,0.03549255286486032
descriptive_only,Face,Body,0.11486758198589087,0.00652020868702649,0.0026019593079884846,dino,-0.07662954231103263,37,0.5135135135135135,-0.013115024566650391,0.021624738971392315,0.035315463951032494
descriptive_only,Face,Body,0.5333333333333333,0.023423423423423424,0.0,face_detection_success,-0.4000000000000001,37,0.40540540540540543,-0.06666666666666667,0.06666666666666667,0.1827203328953478
descriptive_only,Face,Body,0.15880610197782516,-0.004179257513569282,-0.00919070541858673,face_dino,-0.08713999390602112,37,0.35135135135135137,-0.025833160678545634,0.0054940044879913325,0.048373852756327454
descriptive_only,Face,Body,0.044648428757985435,0.0026405330713804766,0.0009634733200073251,face_lpips,-0.06948455969492595,37,0.5405405405405406,-0.004107344150543213,0.009916897614796957,0.01819463487795596
descriptive_only,Face,Body,0.04476056098937988,-0.00041215527165043445,-0.0016113917032877605,lpips,-0.019749987125396728,37,0.2972972972972973,-0.00705633560816447,0.0013258417447408039,0.012064203789640208
descriptive_only,Face,Body,0.050615731283034815,-0.001200437286784719,0.0004757218443093066,pixel_corr,-0.034648207744749714,37,0.5405405405405406,-0.009289421354458616,0.0039896655765978605,0.01440478334453082
descriptive_only,Face,Body,0.02355257510698972,-0.0015303036067330252,-0.0009465493507228783,ssim,-0.015908126908849306,37,0.32432432432432434,-0.005152848752839077,0.0007998115171164426,0.007367087149939213
descriptive_only,Face,Face,0.11641634305318198,0.0005793494147223399,-0.002849785486857099,clip,-0.037099977334340416,37,0.43243243243243246,-0.014323596159617105,0.011200104157129923,0.02619549876538582
descriptive_only,Face,Face,0.06262958745161694,0.002240017935767904,0.001177408297856648,dino,-0.04178185065587362,37,0.5135135135135135,-0.013314533233642576,0.016702114045619967,0.023195615405862548
descriptive_only,Face,Face,0.6,0.012612612612612616,0.0,face_detection_success,-0.4666666666666666,37,0.43243243243243246,-0.06666666666666667,0.13333333333333333,0.214785473126403
descriptive_only,Face,Face,0.048858793576558424,-0.002154914994497557,0.0040503354122241346,face_dino,-0.06357773231963317,37,0.6216216216216216,-0.020731468002001447,0.015101803342501321,0.025734023977560777
descriptive_only,Face,Face,0.06344302495320639,0.004242923990026251,0.001470609505971273,face_lpips,-0.013987402121225992,37,0.6216216216216216,-0.0020767450332641606,0.009172638257344564,0.013041050113334403
descriptive_only,Face,Face,0.01366966168085734,0.0001332605207288587,0.0002736369768778478,lpips,-0.0056582172711690274,37,0.5135135135135135,-0.0024035056432088215,0.0014811078707377117,0.0038622206424747977
descriptive_only,Face,Face,0.027152050549569883,0.00363797937239194,0.000516586647107647,pixel_corr,-0.005850044210165116,37,0.5135135135135135,-0.0018539325080155448,0.007935413218328117,0.008361077282776321
descriptive_only,Face,Face,0.004644052649723022,-0.0016227966841987941,-0.0009134795694403936,ssim,-0.0149631334155981,37,0.35135135135135137,-0.003898605175687018,0.0007896846776131856,0.003925619042144406
descriptive_only,Face,Scene,0.07517423629760742,-0.0023097776883357285,-0.0018696228663126618,clip,-0.05641113917032878,37,0.4864864864864865,-0.014340182145436605,0.008724254369735718,0.026081216434357263
descriptive_only,Face,Scene,0.08269501725832622,-0.007140094149010339,-0.00237216226135691,dino,-0.16329630861679714,37,0.4864864864864865,-0.025208352009455367,0.018356957534948985,0.04788257703706763
descriptive_only,Face,Scene,0.39999999999999997,-0.012612612612612614,0.0,face_detection_success,-0.4000000000000001,37,0.35135135135135137,-0.13333333333333333,0.13333333333333333,0.18110622886250893
descriptive_only,Face,Scene,0.06585747996966045,-0.007873579034128702,-0.0030849568545818344,face_dino,-0.05704246287544568,37,0.40540540540540543,-0.02868233993649483,0.007206056515375772,0.0296544932436543
descriptive_only,Face,Scene,0.04642578760782876,0.0040708288416132195,0.0007432301839192709,face_lpips,-0.019532076517740887,37,0.5675675675675675,-0.005473192532857259,0.008036148548126223,0.016167978208039415
descriptive_only,Face,Scene,0.02214310169219971,0.0016281991391568571,0.00025757551193237313,lpips,-0.014140645662943522,37,0.5135135135135135,-0.003247904777526856,0.004236447811126708,0.00826703207708889
descriptive_only,Face,Scene,0.03385140175632077,-0.0027607990701326614,-0.0020708889252297885,pixel_corr,-0.06955660872327785,37,0.3783783783783784,-0.0089000124443308,0.00832150652501812,0.021188782237231123
descriptive_only,Face,Scene,0.05106591719004175,0.00014422745021152596,-0.0002729216822826214,ssim,-0.020873981548721235,37,0.4594594594594595,-0.0029544484775984956,0.0023992608806530148,0.011214058193305626
descriptive_only,Scene,Body,0.10212954878807068,0.005076627294222513,0.003115703662236532,background_clip,-0.06109153429667155,50,0.52,-0.01203476736942927,0.015564466019471486,0.02993858875513986
descriptive_only,Scene,Body,0.16339890286326408,0.013270357730798425,0.006618471381564935,background_dino,-0.09219384640455247,50,0.58,-0.0091416424450775,0.03250666980942091,0.04324465396700619
descriptive_only,Scene,Body,0.1035468320051829,0.005871508042017618,0.003595991929372151,clip,-0.06109153429667155,50,0.58,-0.011207201580206553,0.014812086025873819,0.03073027225839122
descriptive_only,Scene,Body,0.16339890286326408,0.012338913121260705,0.004864089579011003,dino,-0.05935403315039972,50,0.56,-0.009008877569188676,0.028848981779689593,0.0399725227121303
descriptive_only,Scene,Body,0.03624662160873413,0.00300000516573588,0.0030140340328216548,lpips,-0.03231847286224365,50,0.56,-0.004931781689325968,0.00710550844669342,0.011942941814905177
descriptive_only,Scene,Body,0.05974586565416171,0.00454615505988139,0.002086881494929156,pixel_corr,-0.037604437578972486,50,0.56,-0.00648328126660176,0.011466361740554605,0.01776130357653813
descriptive_only,Scene,Body,0.3333333333333333,0.008,0.0,scene_class_consistency,-0.3333333333333333,50,0.18,0.0,0.0,0.10225573738262513
descriptive_only,Scene,Body,0.018837765611095736,-0.0014249139295747601,-0.0006827664753742462,ssim,-0.02902506225925737,50,0.42,-0.004448051778468962,0.0038963260864197584,0.008677943985486401
descriptive_only,Scene,Face,0.12712976932525635,0.0005324573914210007,6.176829338073732e-05,background_clip,-0.06924988031387329,50,0.5,-0.012043953935305277,0.010839036107063296,0.02713823610360384
descriptive_only,Scene,Face,0.33149596701065703,0.002866643816543123,0.0007899066278090085,background_dino,-0.09805659043292204,50,0.52,-0.011109729770881436,0.008660918893292546,0.05640564896202998
descriptive_only,Scene,Face,0.1236400604248047,4.596281051635814e-05,0.0018979956706364953,clip,-0.08043981194496155,50,0.52,-0.01325164387623469,0.010393936932086945,0.028139192109415356
descriptive_only,Scene,Face,0.3622410809000333,0.002531151224859059,0.0007899066278090085,dino,-0.10819373627503714,50,0.52,-0.011308472657886643,0.008562578866258264,0.06112817099033921
descriptive_only,Scene,Face,0.03979102770487468,-0.0016899221738179524,-0.002479271094004313,lpips,-0.02667596340179443,50,0.4,-0.0056814998388290405,0.0027213513851165774,0.011205782679787347
descriptive_only,Scene,Face,0.035574268116585046,0.0007926686179202698,0.000387756570347925,pixel_corr,-0.05731309175545047,50,0.52,-0.007479593497988341,0.00983233800789642,0.016347692043392776
descriptive_only,Scene,Face,0.5333333333333333,0.014666666666666666,0.0,scene_class_consistency,-0.19999999999999998,50,0.16,0.0,0.0,0.09551388639528319
descriptive_only,Scene,Face,0.021076284495558945,0.00020530109146638743,-9.438767067991575e-05,ssim,-0.019752822106210266,50,0.46,-0.0018842441787744703,0.0023662904266920554,0.00695966016112656
descriptive_only,Scene,Scene,0.03443448940912882,0.0007519255479176843,0.00026515920956929573,background_clip,-0.03450831373532613,50,0.5,-0.007625714937845866,0.010915814340114592,0.016359999958152852
descriptive_only,Scene,Scene,0.08321661284814279,-0.0020514516100908317,0.0007370872733493655,background_dino,-0.08593484212954838,50,0.52,-0.012035969862093527,0.011067564614738026,0.03142719352527437
descriptive_only,Scene,Scene,0.03443448940912882,0.0012034034729003903,0.0006143768628438312,clip,-0.03450831373532613,50,0.54,-0.0075866083304087315,0.012153969705104826,0.01649996269521732
descriptive_only,Scene,Scene,0.08321661284814279,-0.0022597623448818915,-0.0001774497795850033,dino,-0.08485691547393799,50,0.5,-0.010400706141566235,0.010692169051617384,0.03043742642299188
descriptive_only,Scene,Scene,0.017227649688720703,-0.0015984754165013634,-0.001101545492808024,lpips,-0.019334367911020917,50,0.42,-0.005301169554392497,0.001508963108062744,0.005487232999994378
descriptive_only,Scene,Scene,0.0276297198376157,0.0011561364050692504,0.0014441832162926972,pixel_corr,-0.029994585330027163,50,0.56,-0.005452884742960589,0.00714212208732965,0.011924403455412604
descriptive_only,Scene,Scene,0.20000000000000004,0.009333333333333334,0.0,scene_class_consistency,-0.20000000000000004,50,0.14,0.0,0.0,0.08193797776090454
descriptive_only,Scene,Scene,0.01603846846082721,-9.120085158403264e-05,-2.8871651250697516e-05,ssim,-0.02990758983454676,50,0.5,-0.001435587434325437,0.0022153483933246474,0.006584434950121852
