category,condition,dataset_idx,pixel_corr,ssim,lpips,clip,dino
Body,Body_equal4_zero,21,0.06525291407818071,0.22869753011730565,0.6529244184494019,0.7459588646888733,0.6081361174583435
Body,Body_equal4_zero,40,0.24544054135174556,0.7015187981896961,0.5820764303207397,0.7269410490989685,0.23642779886722565
Body,Body_equal4_zero,220,-0.2165441088846427,0.4193024326073316,0.7130870819091797,0.35804277658462524,0.08312921971082687
Body,Body_equal4_zero,366,-0.09590383666241807,0.3957041029610221,0.7271090745925903,0.7166628241539001,0.16158190369606018
Body,Body_equal4_zero,474,0.22137818370056161,0.23794276966272404,0.6620475053787231,0.4921357333660126,0.13904798030853271
Body,Body_equal4_zero,716,-0.04509028778429213,0.225205552300788,0.6809315085411072,0.470472514629364,0.0810881033539772
Body,Body_equal4_zero,816,-0.09675501831324335,0.19602130170488583,0.6800123453140259,0.43006086349487305,0.17066600918769836
Body,Body_equal4_zero,847,-0.0236727056744767,0.3280781952562418,0.6794220209121704,0.6549686789512634,0.10045112669467926
Body,Body_equal4_zero,931,0.08770645755057485,0.29052034825392375,0.6679494380950928,0.7345492839813232,0.7158335447311401
Body,Body_equal4_zero,941,0.01499399224587017,0.3413883445729323,0.6528305411338806,0.6199185848236084,0.26663392782211304
Body,Body_full_zero,21,0.04565754979317001,0.25477350758019907,0.6743825078010559,0.7318132519721985,0.5992620587348938
Body,Body_full_zero,40,0.34669149039751307,0.7094118431789914,0.5598935484886169,0.8060116767883301,0.5490065217018127
Body,Body_full_zero,220,-0.0849587272847608,0.42943760513330037,0.6648851037025452,0.5558990240097046,0.12312813103199005
Body,Body_full_zero,366,-0.12521496119973147,0.3738305034788208,0.733856201171875,0.5810574293136597,0.03342022746801376
Body,Body_full_zero,474,0.2709257650220322,0.23463655140488876,0.6731827855110168,0.5142896771430969,0.12214849889278412
Body,Body_full_zero,716,-0.1285061026424164,0.21379943026194184,0.6664404273033142,0.43202388286590576,-0.016760509461164474
Body,Body_full_zero,816,-0.07947639355427276,0.20240577317423525,0.6569138765335083,0.29533451795578003,0.06432532519102097
Body,Body_full_zero,847,-0.030211379550102887,0.3235486601312798,0.6873033046722412,0.6522408723831177,0.22141097486019135
Body,Body_full_zero,931,0.20449249089280241,0.280071926600311,0.6680150032043457,0.6833740472793579,0.6856573224067688
Body,Body_full_zero,941,-0.05710140965258116,0.3042024482617929,0.6480274796485901,0.5111011266708374,0.0809483528137207
Body,Body_random_equal4_01_zero,21,0.07161280330372002,0.2206456735466461,0.6547625064849854,0.7339548468589783,0.5980330109596252
Body,Body_random_equal4_01_zero,40,0.24109912900042624,0.7042445758790787,0.577027440071106,0.7145323157310486,0.23402446508407593
Body,Body_random_equal4_01_zero,220,-0.14103528384593064,0.42282789375444363,0.7103310227394104,0.42290717363357544,0.04551864415407181
Body,Body_random_equal4_01_zero,366,-0.1341843331662349,0.37425295042974444,0.7357421517372131,0.6772998571395874,0.12274397909641266
Body,Body_random_equal4_01_zero,474,0.2124287294186178,0.2422380136895545,0.6714580655097961,0.4016951620578766,0.06900530308485031
Body,Body_random_equal4_01_zero,716,-0.07636059971495496,0.20823469707453732,0.6572945713996887,0.43420618772506714,0.015802867710590363
Body,Body_random_equal4_01_zero,816,-0.09175315277434822,0.19995645243373136,0.682471752166748,0.40957337617874146,0.15183646976947784
Body,Body_random_equal4_01_zero,847,-0.009623659644912389,0.2937103295110998,0.6886283159255981,0.6557796001434326,0.26825466752052307
Body,Body_random_equal4_01_zero,931,0.20102586889377538,0.269896218585284,0.653580367565155,0.7258690595626831,0.7694972157478333
Body,Body_random_equal4_01_zero,941,-0.05422105272534024,0.3430708685184614,0.6677271127700806,0.4903733730316162,0.1087934821844101
Body,Body_random_equal4_02_zero,21,0.07153040451117842,0.22683792524814872,0.654361367225647,0.7521895170211792,0.6091555953025818
Body,Body_random_equal4_02_zero,40,0.24527131575332947,0.701294713248819,0.5821531414985657,0.7235202789306641,0.2634769082069397
Body,Body_random_equal4_02_zero,220,-0.13920351447734228,0.42792372552955904,0.7110912799835205,0.35367193818092346,0.04913578927516937
Body,Body_random_equal4_02_zero,366,0.0033675515336125646,0.3554019857315147,0.7263730764389038,0.5586857795715332,0.3712887167930603
Body,Body_random_equal4_02_zero,474,0.21457228650198756,0.24285231717506944,0.6715572476387024,0.40601521730422974,0.1022181361913681
Body,Body_random_equal4_02_zero,716,-0.07497177296312477,0.21718062568532634,0.6688034534454346,0.41164934635162354,0.033459942787885666
Body,Body_random_equal4_02_zero,816,-0.09095963157443102,0.2024870041797141,0.6794365644454956,0.367156982421875,0.13951922953128815
Body,Body_random_equal4_02_zero,847,-0.020492131301066807,0.3166483696146721,0.6775912046432495,0.6574543714523315,0.2147808074951172
Body,Body_random_equal4_02_zero,931,0.08912213370762337,0.29305076856230355,0.6712148189544678,0.7269884943962097,0.7312304973602295
Body,Body_random_equal4_02_zero,941,-0.045330555041197276,0.3406490459746059,0.6734294295310974,0.49754461646080017,0.20419912040233612
Body,Body_random_equal4_03_zero,21,0.06543316083233958,0.2210494435462873,0.6563324332237244,0.7462385892868042,0.6096053123474121
Body,Body_random_equal4_03_zero,40,0.24356299291238434,0.7068190139437904,0.5713500380516052,0.6878581643104553,0.2775680124759674
Body,Body_random_equal4_03_zero,220,-0.1577743572710295,0.4266335718949613,0.6460644602775574,0.46087104082107544,0.07488344609737396
Body,Body_random_equal4_03_zero,366,-0.08027744541646381,0.4048213403242544,0.7351593971252441,0.6557594537734985,0.27790892124176025
Body,Body_random_equal4_03_zero,474,0.22422244093884297,0.23835306177711466,0.672762930393219,0.45211827754974365,0.06173541769385338
Body,Body_random_equal4_03_zero,716,-0.07352355137234548,0.2223134120364374,0.663629412651062,0.4164600968360901,0.029254773631691933
Body,Body_random_equal4_03_zero,816,-0.08226644792912767,0.20251779017711408,0.6807194352149963,0.3691069483757019,0.1304120570421219
Body,Body_random_equal4_03_zero,847,-0.042289875541569835,0.287496809577365,0.6892666220664978,0.6486707925796509,0.09821522235870361
Body,Body_random_equal4_03_zero,931,0.16850158975814064,0.2749460606824513,0.6819077730178833,0.6810925602912903,0.7843567728996277
Body,Body_random_equal4_03_zero,941,0.004222055789271926,0.33146117819026233,0.6749078631401062,0.6645622253417969,0.3402906656265259
Body,Body_random_equal4_04_zero,21,0.06947971409465004,0.22079672698553238,0.6545589566230774,0.7362329959869385,0.6199121475219727
Body,Body_random_equal4_04_zero,40,0.24956933058786493,0.7053533157679373,0.577743411064148,0.7278497815132141,0.27337297797203064
Body,Body_random_equal4_04_zero,220,-0.142995136184634,0.3396746427481901,0.7193769216537476,0.4549441337585449,0.08666954934597015
Body,Body_random_equal4_04_zero,366,-0.10547549713332299,0.39215271223533327,0.7308014035224915,0.7120906710624695,0.13262733817100525
Body,Body_random_equal4_04_zero,474,0.2222456476218593,0.24567509141985897,0.6775798201560974,0.39024484157562256,0.102568119764328
Body,Body_random_equal4_04_zero,716,-0.07660526959751755,0.21204872235411057,0.6733373403549194,0.45081543922424316,0.05823435261845589
Body,Body_random_equal4_04_zero,816,-0.08998999854264801,0.2015130674524918,0.6808747053146362,0.42608219385147095,0.16334480047225952
Body,Body_random_equal4_04_zero,847,-0.004987863351642018,0.3001784173835908,0.6844167709350586,0.6715966463088989,0.23780004680156708
Body,Body_random_equal4_04_zero,931,0.20931604635702372,0.2687100891069735,0.6589220762252808,0.7188876867294312,0.7669093608856201
Body,Body_random_equal4_04_zero,941,-0.18342210886266283,0.21064223969637708,0.6655502915382385,0.49814701080322266,0.06347151845693588
Body,Body_random_equal4_05_zero,21,0.056679456871755,0.21667377148705555,0.6635212302207947,0.7402929663658142,0.6291632056236267
Body,Body_random_equal4_05_zero,40,0.29754776015196954,0.7136208475388949,0.5662464499473572,0.7492828965187073,0.32707613706588745
Body,Body_random_equal4_05_zero,220,-0.14954482613873907,0.4253263093192857,0.6780362725257874,0.5239570736885071,0.1235893964767456
Body,Body_random_equal4_05_zero,366,-0.10977222772246996,0.39147990458555143,0.7387974262237549,0.7052615880966187,0.17342641949653625
Body,Body_random_equal4_05_zero,474,0.2244607549391528,0.23929195456636576,0.6684300303459167,0.4225972294807434,0.08774550259113312
Body,Body_random_equal4_05_zero,716,-0.0634913064008684,0.2206236026989199,0.6653922200202942,0.4378287196159363,-0.004650983959436417
Body,Body_random_equal4_05_zero,816,-0.08405778639152049,0.19886425084248013,0.6771765947341919,0.3873198628425598,0.11417344212532043
Body,Body_random_equal4_05_zero,847,-0.022277732687602136,0.31342835940767577,0.6949466466903687,0.6891797780990601,0.17176061868667603
Body,Body_random_equal4_05_zero,931,0.0939768299958135,0.2911032531917188,0.6562078595161438,0.732128381729126,0.7293689250946045
Body,Body_random_equal4_05_zero,941,0.0023633368473142346,0.33207191174093637,0.6521804928779602,0.5345118641853333,0.16583359241485596
Body,Body_random_full_01_zero,21,0.04037401828733581,0.1934183856147299,0.666762113571167,0.7750812768936157,0.6321494579315186
Body,Body_random_full_01_zero,40,0.3514739797108602,0.7005773128637365,0.538180947303772,0.7525826692581177,0.2578333616256714
Body,Body_random_full_01_zero,220,-0.143072095356595,0.42207536836079174,0.7021291851997375,0.39546066522598267,0.03218310698866844
Body,Body_random_full_01_zero,366,-0.050269166967029294,0.40617518801173286,0.7330414056777954,0.6581681966781616,0.24241188168525696
Body,Body_random_full_01_zero,474,0.24143833479967486,0.23555919309410459,0.6555784940719604,0.4739985764026642,0.1611143946647644
Body,Body_random_full_01_zero,716,-0.04179324579160738,0.22233379076995,0.6737649440765381,0.44985431432724,0.07242754101753235
Body,Body_random_full_01_zero,816,-0.06697694912400298,0.207981729997946,0.6865649223327637,0.4146834909915924,0.11907698214054108
Body,Body_random_full_01_zero,847,-0.01920838246015103,0.2823570021125582,0.6628410816192627,0.5155308842658997,-0.021497316658496857
Body,Body_random_full_01_zero,931,0.20593145634272936,0.2815133804476711,0.6686505079269409,0.799027681350708,0.7498558163642883
Body,Body_random_full_01_zero,941,-0.04029647308800905,0.325506583272333,0.6599835157394409,0.5213330388069153,0.10897845029830933
Body,Body_random_full_02_zero,21,0.04015983392866632,0.20352855095401184,0.6626690626144409,0.7620389461517334,0.6202852725982666
Body,Body_random_full_02_zero,40,0.2896936097439363,0.713694870011518,0.5585961937904358,0.6401288509368896,0.1821780800819397
Body,Body_random_full_02_zero,220,-0.18951892772728332,0.42105549304344797,0.7097688317298889,0.39017215371131897,0.047451216727495193
Body,Body_random_full_02_zero,366,-0.018963788484458823,0.4068775694809406,0.7413674592971802,0.5991557836532593,0.08401736617088318
Body,Body_random_full_02_zero,474,0.22629491603414179,0.22045855623303487,0.6651059985160828,0.4298490285873413,0.09091763943433762
Body,Body_random_full_02_zero,716,-0.15644039978915084,0.2361778510581691,0.6684098839759827,0.5221337676048279,0.048707060515880585
Body,Body_random_full_02_zero,816,-0.0932782686993707,0.20168584407982793,0.6904275417327881,0.44668009877204895,0.11119300127029419
Body,Body_random_full_02_zero,847,-0.0475788440325802,0.30573171953391387,0.6912082433700562,0.7042582631111145,0.15560346841812134
Body,Body_random_full_02_zero,931,0.0920759697022623,0.2943983992454836,0.657322108745575,0.7393051385879517,0.7100599408149719
Body,Body_random_full_02_zero,941,-0.0013903449447375583,0.32928176267889897,0.6514105200767517,0.5651327967643738,0.1885688751935959
Body,Body_random_full_03_zero,21,0.08196252333405556,0.23748693228284032,0.663697361946106,0.7169698476791382,0.6560994386672974
Body,Body_random_full_03_zero,40,0.26317361340024026,0.7017816145421297,0.584359884262085,0.7042865753173828,0.35327816009521484
Body,Body_random_full_03_zero,220,-0.0971362170566257,0.3728343296071752,0.7385699152946472,0.48730993270874023,0.09675377607345581
Body,Body_random_full_03_zero,366,-0.08475065801261772,0.385019116481015,0.7359125018119812,0.6671705842018127,0.2888139486312866
Body,Body_random_full_03_zero,474,0.22991501876339923,0.23623724614014266,0.6504438519477844,0.45199599862098694,0.16944879293441772
Body,Body_random_full_03_zero,716,-0.05272809641472082,0.2446348311640669,0.6500258445739746,0.5645069479942322,0.0483519472181797
Body,Body_random_full_03_zero,816,-0.09791372136871976,0.18873098334653185,0.6631832718849182,0.4488956928253174,0.10330130159854889
Body,Body_random_full_03_zero,847,-0.004032375838273536,0.34558868650836455,0.727584183216095,0.6158861517906189,0.08403407037258148
Body,Body_random_full_03_zero,931,0.1389471760907542,0.29574403341124456,0.6841856241226196,0.7574374675750732,0.7299143075942993
Body,Body_random_full_03_zero,941,-0.1849813955031629,0.2237870311661522,0.6704409122467041,0.5542261600494385,0.08007436990737915
Body,Body_random_full_04_zero,21,0.0708334117040967,0.2089085257431695,0.6637874245643616,0.7389956712722778,0.6263968348503113
Body,Body_random_full_04_zero,40,0.2870125965116583,0.716731820425343,0.5722342729568481,0.7523659467697144,0.424958735704422
Body,Body_random_full_04_zero,220,-0.17230416677885643,0.43234524233655264,0.6953287720680237,0.3057456612586975,0.06047080084681511
Body,Body_random_full_04_zero,366,-0.07032589490073352,0.40529555575506726,0.7456434965133667,0.6493830680847168,0.2494129091501236
Body,Body_random_full_04_zero,474,0.2354852319669263,0.22832803733842202,0.6554914712905884,0.46636664867401123,0.08960801362991333
Body,Body_random_full_04_zero,716,-0.14463812143840624,0.23264597163581544,0.6591991186141968,0.5517579913139343,0.04384641349315643
Body,Body_random_full_04_zero,816,-0.15295775991144087,0.19736963207373093,0.6764044761657715,0.615441083908081,0.10142192989587784
Body,Body_random_full_04_zero,847,-0.04600286414265431,0.2850506851194435,0.6732119917869568,0.6035137176513672,0.13135604560375214
Body,Body_random_full_04_zero,931,0.1271257702978959,0.2839577336813041,0.6425528526306152,0.7237942218780518,0.7331739664077759
Body,Body_random_full_04_zero,941,0.0064202656093583915,0.3196234222261669,0.6521002054214478,0.6470350623130798,0.23604990541934967
Body,Body_random_full_05_zero,21,0.07711526050218677,0.2199646475216684,0.6627585887908936,0.7391623258590698,0.6108586192131042
Body,Body_random_full_05_zero,40,0.30089288919382723,0.7278056243919643,0.5537880063056946,0.6909959316253662,0.241348534822464
Body,Body_random_full_05_zero,220,-0.1461921770572088,0.40962437904204896,0.7223622798919678,0.41221946477890015,0.06678852438926697
Body,Body_random_full_05_zero,366,-0.09095174202402932,0.35828863806719063,0.7316505908966064,0.7203412652015686,0.2294768989086151
Body,Body_random_full_05_zero,474,0.2205278674619276,0.2338803640459603,0.6696707010269165,0.4472130537033081,0.1019657552242279
Body,Body_random_full_05_zero,716,-0.009961417127958581,0.21604131080547923,0.6765056252479553,0.5588563084602356,0.020499393343925476
Body,Body_random_full_05_zero,816,-0.14852467992185664,0.16004296202727603,0.680340051651001,0.5379945039749146,0.1099359318614006
Body,Body_random_full_05_zero,847,-0.008148634101984395,0.2963626277402179,0.6674749255180359,0.6237877011299133,0.15522132813930511
Body,Body_random_full_05_zero,931,0.11615088529532817,0.28724476891855527,0.6348502039909363,0.7420995235443115,0.7338230609893799
Body,Body_random_full_05_zero,941,-0.014521393888844637,0.3155860713778797,0.6548436284065247,0.629204273223877,0.24095255136489868
Body,Scene_unrelated_equal4_zero,21,0.05735200767192935,0.22264220685375322,0.6611979007720947,0.767302393913269,0.599023699760437
Body,Scene_unrelated_equal4_zero,40,0.24854439079240373,0.6986918684162032,0.5741618871688843,0.6978378295898438,0.26343783736228943
Body,Scene_unrelated_equal4_zero,220,-0.13019888126755694,0.4260838340638772,0.6778626441955566,0.4432086944580078,0.10031247138977051
Body,Scene_unrelated_equal4_zero,366,-0.09489866581055119,0.3997508640029752,0.7336646318435669,0.6711273193359375,0.19352763891220093
Body,Scene_unrelated_equal4_zero,474,0.2199049060906102,0.232472572712381,0.6646918058395386,0.36467695236206055,0.13153280317783356
Body,Scene_unrelated_equal4_zero,716,-0.04371860150984063,0.2369279866160321,0.6897733211517334,0.5389252305030823,0.184868723154068
Body,Scene_unrelated_equal4_zero,816,-0.0831072952939842,0.202736075523587,0.6783156991004944,0.3729685842990875,0.13767075538635254
Body,Scene_unrelated_equal4_zero,847,-0.04848112774706651,0.298121667755671,0.68266761302948,0.599412202835083,0.045744240283966064
Body,Scene_unrelated_equal4_zero,931,0.07193331249857335,0.28865108438129594,0.6522254347801208,0.7867021560668945,0.6772928237915039
Body,Scene_unrelated_equal4_zero,941,0.004458441721219179,0.340867955355971,0.6616989374160767,0.5541085004806519,0.2788551151752472
Body,no_mask,21,0.06432817153643916,0.22534238281676572,0.652892529964447,0.7512772083282471,0.6236372590065002
Body,no_mask,40,0.24723432861012945,0.7038116787554429,0.5782890319824219,0.706060528755188,0.2515607178211212
Body,no_mask,220,-0.14297189321554613,0.42146190484882085,0.7014921307563782,0.35148152709007263,0.04091636463999748
Body,no_mask,366,-0.11337976758929498,0.3868244767957292,0.7353142499923706,0.6390030384063721,0.08386708050966263
Body,no_mask,474,0.22105794913997762,0.24491002211627344,0.6690241098403931,0.4086611568927765,0.11467698961496353
Body,no_mask,716,-0.07003514056428942,0.21290676922549093,0.6629226207733154,0.4358535408973694,0.030892297625541687
Body,no_mask,816,-0.09309153741046627,0.20060213993855072,0.681126058101654,0.3805234134197235,0.14463266730308533
Body,no_mask,847,-0.023023453779171848,0.31483713112392436,0.6723766326904297,0.6331426501274109,0.17545494437217712
Body,no_mask,931,0.08554160568597433,0.29313692928289525,0.6719454526901245,0.7325504422187805,0.7382658123970032
Body,no_mask,941,-0.04325136720696574,0.34315618454296487,0.6690236330032349,0.5137519240379333,0.15443821251392365
Body,no_mask_repeat,21,0.06432817153643916,0.22534238281676572,0.652892529964447,0.7512772083282471,0.6236372590065002
Body,no_mask_repeat,40,0.24723432861012945,0.7038116787554429,0.5782890915870667,0.706060528755188,0.2515607178211212
Body,no_mask_repeat,220,-0.14297189321554613,0.42146190484882085,0.7014921307563782,0.35148152709007263,0.04091636463999748
Body,no_mask_repeat,366,-0.11337976758929498,0.3868244767957292,0.7353141903877258,0.6390030384063721,0.08386708050966263
Body,no_mask_repeat,474,0.22105794913997762,0.24491002211627344,0.669023871421814,0.40909379720687866,0.11467698216438293
Body,no_mask_repeat,716,-0.07003514056428942,0.21290676922549093,0.6629229784011841,0.4361969530582428,0.030892325565218925
Body,no_mask_repeat,816,-0.09309153741046627,0.20060213993855072,0.6811264753341675,0.38071733713150024,0.14463265240192413
Body,no_mask_repeat,847,-0.023023453779171848,0.31483713112392436,0.6723766922950745,0.6332031488418579,0.17545481026172638
Body,no_mask_repeat,931,0.08554160568597433,0.29313692928289525,0.6719453930854797,0.7327603697776794,0.7382661700248718
Body,no_mask_repeat,941,-0.04325136720696574,0.34315618454296487,0.6690242886543274,0.5138963460922241,0.1544380784034729
