background_clip,background_dino,condition,control_type,dataset_idx,experiment,face_detection_success,face_dino,face_lpips,image_category,local_region_pixels,masked_roi,person_dino,person_lpips,person_mask_method,person_region_consistency,scene_class_consistency,seed
,,mask_Body_mean,target_roi,158,E3_interaction,1.0,0.332236647605896,0.7051955461502075,Face,33856,Body,,,,,,12345
,,mask_Body_mean,target_roi,287,E3_interaction,0.0,0.12876009941101074,0.7936076521873474,Face,32761,Body,,,,,,12345
,,mask_Body_mean,target_roi,415,E3_interaction,0.0,0.2170039862394333,0.701336681842804,Face,30625,Body,,,,,,12345
,,mask_Body_mean,target_roi,465,E3_interaction,1.0,0.29722604155540466,0.797946572303772,Face,24649,Body,,,,,,12345
,,mask_Body_mean,target_roi,529,E3_interaction,1.0,0.32511720061302185,0.65460205078125,Face,17161,Body,,,,,,12345
,,mask_Body_mean,target_roi,678,E3_interaction,1.0,0.4319010376930237,0.5571392178535461,Face,17956,Body,,,,,,12345
,,mask_Body_mean,target_roi,756,E3_interaction,0.0,0.4354632496833801,0.8142030239105225,Face,42025,Body,,,,,,12345
,,mask_Body_mean,target_roi,781,E3_interaction,0.0,0.028447981923818588,0.7189180254936218,Face,16641,Body,,,,,,12345
,,mask_Body_mean,target_roi,789,E3_interaction,0.0,0.2777720093727112,0.6712976694107056,Face,17424,Body,,,,,,12345
,,mask_Body_mean,target_roi,973,E3_interaction,0.0,0.2534201443195343,0.8380942344665527,Face,52900,Body,,,,,,12345
,,mask_Body_pure_random_01_mean,pure_matched_random,158,E3_interaction,1.0,0.10014697164297104,0.7226752042770386,Face,33856,Body,,,,,,12345
,,mask_Body_pure_random_01_mean,pure_matched_random,287,E3_interaction,1.0,0.12262250483036041,0.8291040658950806,Face,32761,Body,,,,,,12345
,,mask_Body_pure_random_01_mean,pure_matched_random,415,E3_interaction,0.0,0.22163410484790802,0.7018023133277893,Face,30625,Body,,,,,,12345
,,mask_Body_pure_random_01_mean,pure_matched_random,465,E3_interaction,1.0,0.2671906352043152,0.7994606494903564,Face,24649,Body,,,,,,12345
,,mask_Body_pure_random_01_mean,pure_matched_random,529,E3_interaction,1.0,0.2812475860118866,0.656680166721344,Face,17161,Body,,,,,,12345
,,mask_Body_pure_random_01_mean,pure_matched_random,678,E3_interaction,1.0,0.43574386835098267,0.5609513521194458,Face,17956,Body,,,,,,12345
,,mask_Body_pure_random_01_mean,pure_matched_random,756,E3_interaction,0.0,0.3653169274330139,0.8000480532646179,Face,42025,Body,,,,,,12345
,,mask_Body_pure_random_01_mean,pure_matched_random,781,E3_interaction,0.0,0.05796711519360542,0.7343409061431885,Face,16641,Body,,,,,,12345
,,mask_Body_pure_random_01_mean,pure_matched_random,789,E3_interaction,0.0,0.2858757972717285,0.6759516000747681,Face,17424,Body,,,,,,12345
,,mask_Body_pure_random_01_mean,pure_matched_random,973,E3_interaction,0.0,0.20840859413146973,0.8343631625175476,Face,52900,Body,,,,,,12345
,,mask_Body_pure_random_02_mean,pure_matched_random,158,E3_interaction,1.0,0.114742711186409,0.7261379361152649,Face,33856,Body,,,,,,12345
,,mask_Body_pure_random_02_mean,pure_matched_random,287,E3_interaction,0.0,0.1258818507194519,0.836184024810791,Face,32761,Body,,,,,,12345
,,mask_Body_pure_random_02_mean,pure_matched_random,415,E3_interaction,0.0,0.2385181039571762,0.7008227705955505,Face,30625,Body,,,,,,12345
,,mask_Body_pure_random_02_mean,pure_matched_random,465,E3_interaction,1.0,0.30546391010284424,0.7980268001556396,Face,24649,Body,,,,,,12345
,,mask_Body_pure_random_02_mean,pure_matched_random,529,E3_interaction,1.0,0.28892311453819275,0.6569533944129944,Face,17161,Body,,,,,,12345
,,mask_Body_pure_random_02_mean,pure_matched_random,678,E3_interaction,1.0,0.4404591917991638,0.5573398470878601,Face,17956,Body,,,,,,12345
,,mask_Body_pure_random_02_mean,pure_matched_random,756,E3_interaction,0.0,0.35424861311912537,0.7979605197906494,Face,42025,Body,,,,,,12345
,,mask_Body_pure_random_02_mean,pure_matched_random,781,E3_interaction,1.0,0.02783440425992012,0.6999044418334961,Face,16641,Body,,,,,,12345
,,mask_Body_pure_random_02_mean,pure_matched_random,789,E3_interaction,0.0,0.28949376940727234,0.6737688779830933,Face,17424,Body,,,,,,12345
,,mask_Body_pure_random_02_mean,pure_matched_random,973,E3_interaction,0.0,0.20668324828147888,0.8304508328437805,Face,52900,Body,,,,,,12345
,,mask_Body_pure_random_03_mean,pure_matched_random,158,E3_interaction,1.0,0.21408556401729584,0.7253028154373169,Face,33856,Body,,,,,,12345
,,mask_Body_pure_random_03_mean,pure_matched_random,287,E3_interaction,0.0,0.15432395040988922,0.8271801471710205,Face,32761,Body,,,,,,12345
,,mask_Body_pure_random_03_mean,pure_matched_random,415,E3_interaction,0.0,0.26329416036605835,0.7027826309204102,Face,30625,Body,,,,,,12345
,,mask_Body_pure_random_03_mean,pure_matched_random,465,E3_interaction,1.0,0.24400341510772705,0.8009538650512695,Face,24649,Body,,,,,,12345
,,mask_Body_pure_random_03_mean,pure_matched_random,529,E3_interaction,0.0,0.2885323762893677,0.6603707075119019,Face,17161,Body,,,,,,12345
,,mask_Body_pure_random_03_mean,pure_matched_random,678,E3_interaction,1.0,0.4569959342479706,0.5687441229820251,Face,17956,Body,,,,,,12345
,,mask_Body_pure_random_03_mean,pure_matched_random,756,E3_interaction,0.0,0.4475727379322052,0.7981371283531189,Face,42025,Body,,,,,,12345
,,mask_Body_pure_random_03_mean,pure_matched_random,781,E3_interaction,1.0,0.06613625586032867,0.7110404372215271,Face,16641,Body,,,,,,12345
,,mask_Body_pure_random_03_mean,pure_matched_random,789,E3_interaction,0.0,0.2971753478050232,0.6649773120880127,Face,17424,Body,,,,,,12345
,,mask_Body_pure_random_03_mean,pure_matched_random,973,E3_interaction,0.0,0.18952427804470062,0.846843957901001,Face,52900,Body,,,,,,12345
,,mask_Body_pure_random_04_mean,pure_matched_random,158,E3_interaction,1.0,0.14511406421661377,0.7264890074729919,Face,33856,Body,,,,,,12345
,,mask_Body_pure_random_04_mean,pure_matched_random,287,E3_interaction,0.0,0.09888938069343567,0.8294527530670166,Face,32761,Body,,,,,,12345
,,mask_Body_pure_random_04_mean,pure_matched_random,415,E3_interaction,0.0,0.22951176762580872,0.7044503688812256,Face,30625,Body,,,,,,12345
,,mask_Body_pure_random_04_mean,pure_matched_random,465,E3_interaction,1.0,0.29134637117385864,0.7752190828323364,Face,24649,Body,,,,,,12345
,,mask_Body_pure_random_04_mean,pure_matched_random,529,E3_interaction,1.0,0.31154555082321167,0.663456916809082,Face,17161,Body,,,,,,12345
,,mask_Body_pure_random_04_mean,pure_matched_random,678,E3_interaction,1.0,0.6567283272743225,0.5947301387786865,Face,17956,Body,,,,,,12345
,,mask_Body_pure_random_04_mean,pure_matched_random,756,E3_interaction,0.0,0.435017466545105,0.7984954118728638,Face,42025,Body,,,,,,12345
,,mask_Body_pure_random_04_mean,pure_matched_random,781,E3_interaction,0.0,0.27068042755126953,0.7235777378082275,Face,16641,Body,,,,,,12345
,,mask_Body_pure_random_04_mean,pure_matched_random,789,E3_interaction,0.0,0.2715953588485718,0.6653006076812744,Face,17424,Body,,,,,,12345
,,mask_Body_pure_random_04_mean,pure_matched_random,973,E3_interaction,0.0,0.1652783751487732,0.8301796317100525,Face,52900,Body,,,,,,12345
,,mask_Body_pure_random_05_mean,pure_matched_random,158,E3_interaction,1.0,0.0913415178656578,0.7208806276321411,Face,33856,Body,,,,,,12345
,,mask_Body_pure_random_05_mean,pure_matched_random,287,E3_interaction,0.0,0.08692243695259094,0.8211185932159424,Face,32761,Body,,,,,,12345
,,mask_Body_pure_random_05_mean,pure_matched_random,415,E3_interaction,0.0,0.2620983123779297,0.7034730911254883,Face,30625,Body,,,,,,12345
,,mask_Body_pure_random_05_mean,pure_matched_random,465,E3_interaction,1.0,0.25817903876304626,0.800064206123352,Face,24649,Body,,,,,,12345
,,mask_Body_pure_random_05_mean,pure_matched_random,529,E3_interaction,0.0,0.2893155813217163,0.6635847091674805,Face,17161,Body,,,,,,12345
,,mask_Body_pure_random_05_mean,pure_matched_random,678,E3_interaction,1.0,0.4656650424003601,0.5636618137359619,Face,17956,Body,,,,,,12345
,,mask_Body_pure_random_05_mean,pure_matched_random,756,E3_interaction,0.0,0.4286353886127472,0.7949053049087524,Face,42025,Body,,,,,,12345
,,mask_Body_pure_random_05_mean,pure_matched_random,781,E3_interaction,1.0,0.051525991410017014,0.7057828903198242,Face,16641,Body,,,,,,12345
,,mask_Body_pure_random_05_mean,pure_matched_random,789,E3_interaction,0.0,0.265116810798645,0.6653523445129395,Face,17424,Body,,,,,,12345
,,mask_Body_pure_random_05_mean,pure_matched_random,973,E3_interaction,0.0,0.1873181313276291,0.8448102474212646,Face,52900,Body,,,,,,12345
,,mask_Face_mean,target_roi,158,E3_interaction,1.0,0.07903605699539185,0.7186458110809326,Face,33856,Face,,,,,,12345
,,mask_Face_mean,target_roi,287,E3_interaction,0.0,0.1097351685166359,0.8317701816558838,Face,32761,Face,,,,,,12345
,,mask_Face_mean,target_roi,415,E3_interaction,0.0,0.22129032015800476,0.702092707157135,Face,30625,Face,,,,,,12345
,,mask_Face_mean,target_roi,465,E3_interaction,0.0,0.2813267409801483,0.7990331053733826,Face,24649,Face,,,,,,12345
,,mask_Face_mean,target_roi,529,E3_interaction,1.0,0.2843540906906128,0.6554491519927979,Face,17161,Face,,,,,,12345
,,mask_Face_mean,target_roi,678,E3_interaction,1.0,0.4321202337741852,0.5610219240188599,Face,17956,Face,,,,,,12345
,,mask_Face_mean,target_roi,756,E3_interaction,0.0,0.3880452513694763,0.8029821515083313,Face,42025,Face,,,,,,12345
,,mask_Face_mean,target_roi,781,E3_interaction,0.0,0.12313156574964523,0.6962565779685974,Face,16641,Face,,,,,,12345
,,mask_Face_mean,target_roi,789,E3_interaction,0.0,0.2978072166442871,0.6756821274757385,Face,17424,Face,,,,,,12345
,,mask_Face_mean,target_roi,973,E3_interaction,0.0,0.21312662959098816,0.8341274261474609,Face,52900,Face,,,,,,12345
,,mask_Face_pure_random_01_mean,pure_matched_random,158,E3_interaction,1.0,0.17566923797130585,0.7078904509544373,Face,33856,Face,,,,,,12345
,,mask_Face_pure_random_01_mean,pure_matched_random,287,E3_interaction,0.0,0.13197045028209686,0.8338226079940796,Face,32761,Face,,,,,,12345
,,mask_Face_pure_random_01_mean,pure_matched_random,415,E3_interaction,0.0,0.23242715001106262,0.700958251953125,Face,30625,Face,,,,,,12345
,,mask_Face_pure_random_01_mean,pure_matched_random,465,E3_interaction,1.0,0.1673332154750824,0.79791259765625,Face,24649,Face,,,,,,12345
,,mask_Face_pure_random_01_mean,pure_matched_random,529,E3_interaction,1.0,0.29081618785858154,0.6543012261390686,Face,17161,Face,,,,,,12345
,,mask_Face_pure_random_01_mean,pure_matched_random,678,E3_interaction,1.0,0.4371127188205719,0.5628650188446045,Face,17956,Face,,,,,,12345
,,mask_Face_pure_random_01_mean,pure_matched_random,756,E3_interaction,0.0,0.35141944885253906,0.8022383451461792,Face,42025,Face,,,,,,12345
,,mask_Face_pure_random_01_mean,pure_matched_random,781,E3_interaction,0.0,0.0997355505824089,0.6982816457748413,Face,16641,Face,,,,,,12345
,,mask_Face_pure_random_01_mean,pure_matched_random,789,E3_interaction,0.0,0.3045533299446106,0.6673266887664795,Face,17424,Face,,,,,,12345
,,mask_Face_pure_random_01_mean,pure_matched_random,973,E3_interaction,0.0,0.2121766358613968,0.8336296081542969,Face,52900,Face,,,,,,12345
,,mask_Face_pure_random_02_mean,pure_matched_random,158,E3_interaction,1.0,0.10553193092346191,0.7212315201759338,Face,33856,Face,,,,,,12345
,,mask_Face_pure_random_02_mean,pure_matched_random,287,E3_interaction,0.0,0.10409986972808838,0.8341938257217407,Face,32761,Face,,,,,,12345
,,mask_Face_pure_random_02_mean,pure_matched_random,415,E3_interaction,0.0,0.2454591989517212,0.7025664448738098,Face,30625,Face,,,,,,12345
,,mask_Face_pure_random_02_mean,pure_matched_random,465,E3_interaction,1.0,0.23512548208236694,0.8076067566871643,Face,24649,Face,,,,,,12345
,,mask_Face_pure_random_02_mean,pure_matched_random,529,E3_interaction,0.0,0.3151368200778961,0.6567196249961853,Face,17161,Face,,,,,,12345
,,mask_Face_pure_random_02_mean,pure_matched_random,678,E3_interaction,1.0,0.28159454464912415,0.5433550477027893,Face,17956,Face,,,,,,12345
,,mask_Face_pure_random_02_mean,pure_matched_random,756,E3_interaction,0.0,0.4287959337234497,0.7962981462478638,Face,42025,Face,,,,,,12345
,,mask_Face_pure_random_02_mean,pure_matched_random,781,E3_interaction,1.0,0.08514058589935303,0.6883640289306641,Face,16641,Face,,,,,,12345
,,mask_Face_pure_random_02_mean,pure_matched_random,789,E3_interaction,0.0,0.4914262294769287,0.6658955216407776,Face,17424,Face,,,,,,12345
,,mask_Face_pure_random_02_mean,pure_matched_random,973,E3_interaction,0.0,0.2770819067955017,0.8328637480735779,Face,52900,Face,,,,,,12345
,,mask_Face_pure_random_03_mean,pure_matched_random,158,E3_interaction,1.0,0.17190565168857574,0.7290478944778442,Face,33856,Face,,,,,,12345
,,mask_Face_pure_random_03_mean,pure_matched_random,287,E3_interaction,0.0,0.12374761700630188,0.8346575498580933,Face,32761,Face,,,,,,12345
,,mask_Face_pure_random_03_mean,pure_matched_random,415,E3_interaction,0.0,0.2624475657939911,0.7505128979682922,Face,30625,Face,,,,,,12345
,,mask_Face_pure_random_03_mean,pure_matched_random,465,E3_interaction,1.0,0.2585332691669464,0.8091425895690918,Face,24649,Face,,,,,,12345
,,mask_Face_pure_random_03_mean,pure_matched_random,529,E3_interaction,1.0,0.2795948386192322,0.6541494131088257,Face,17161,Face,,,,,,12345
,,mask_Face_pure_random_03_mean,pure_matched_random,678,E3_interaction,1.0,0.4403935670852661,0.5606421232223511,Face,17956,Face,,,,,,12345
,,mask_Face_pure_random_03_mean,pure_matched_random,756,E3_interaction,0.0,0.344488263130188,0.8000113368034363,Face,42025,Face,,,,,,12345
,,mask_Face_pure_random_03_mean,pure_matched_random,781,E3_interaction,0.0,0.11952292919158936,0.6968816518783569,Face,16641,Face,,,,,,12345
,,mask_Face_pure_random_03_mean,pure_matched_random,789,E3_interaction,0.0,0.3104398250579834,0.667563796043396,Face,17424,Face,,,,,,12345
,,mask_Face_pure_random_03_mean,pure_matched_random,973,E3_interaction,0.0,0.28167039155960083,0.7937174439430237,Face,52900,Face,,,,,,12345
,,mask_Face_pure_random_04_mean,pure_matched_random,158,E3_interaction,1.0,0.21033254265785217,0.7159369587898254,Face,33856,Face,,,,,,12345
,,mask_Face_pure_random_04_mean,pure_matched_random,287,E3_interaction,1.0,0.051314033567905426,0.8382228016853333,Face,32761,Face,,,,,,12345
,,mask_Face_pure_random_04_mean,pure_matched_random,415,E3_interaction,0.0,0.2011641561985016,0.7086610198020935,Face,30625,Face,,,,,,12345
,,mask_Face_pure_random_04_mean,pure_matched_random,465,E3_interaction,1.0,0.2931166887283325,0.7977927923202515,Face,24649,Face,,,,,,12345
,,mask_Face_pure_random_04_mean,pure_matched_random,529,E3_interaction,1.0,0.3489472270011902,0.6578274965286255,Face,17161,Face,,,,,,12345
,,mask_Face_pure_random_04_mean,pure_matched_random,678,E3_interaction,1.0,0.42712706327438354,0.5681944489479065,Face,17956,Face,,,,,,12345
,,mask_Face_pure_random_04_mean,pure_matched_random,756,E3_interaction,0.0,0.3906711935997009,0.800950288772583,Face,42025,Face,,,,,,12345
,,mask_Face_pure_random_04_mean,pure_matched_random,781,E3_interaction,1.0,0.06787875294685364,0.7086135745048523,Face,16641,Face,,,,,,12345
,,mask_Face_pure_random_04_mean,pure_matched_random,789,E3_interaction,0.0,0.1540885865688324,0.6650055050849915,Face,17424,Face,,,,,,12345
,,mask_Face_pure_random_04_mean,pure_matched_random,973,E3_interaction,0.0,0.2093110978603363,0.8305569291114807,Face,52900,Face,,,,,,12345
,,mask_Face_pure_random_05_mean,pure_matched_random,158,E3_interaction,1.0,0.07206505537033081,0.731076180934906,Face,33856,Face,,,,,,12345
,,mask_Face_pure_random_05_mean,pure_matched_random,287,E3_interaction,0.0,0.12525703012943268,0.8299927711486816,Face,32761,Face,,,,,,12345
,,mask_Face_pure_random_05_mean,pure_matched_random,415,E3_interaction,0.0,0.21089792251586914,0.707484245300293,Face,30625,Face,,,,,,12345
,,mask_Face_pure_random_05_mean,pure_matched_random,465,E3_interaction,0.0,0.32639744877815247,0.7918320894241333,Face,24649,Face,,,,,,12345
,,mask_Face_pure_random_05_mean,pure_matched_random,529,E3_interaction,1.0,0.27621328830718994,0.6556640863418579,Face,17161,Face,,,,,,12345
,,mask_Face_pure_random_05_mean,pure_matched_random,678,E3_interaction,1.0,0.42004066705703735,0.5591655969619751,Face,17956,Face,,,,,,12345
,,mask_Face_pure_random_05_mean,pure_matched_random,756,E3_interaction,0.0,0.4069157838821411,0.7963035106658936,Face,42025,Face,,,,,,12345
,,mask_Face_pure_random_05_mean,pure_matched_random,781,E3_interaction,0.0,0.07415491342544556,0.6863257884979248,Face,16641,Face,,,,,,12345
,,mask_Face_pure_random_05_mean,pure_matched_random,789,E3_interaction,0.0,0.30207061767578125,0.670242428779602,Face,17424,Face,,,,,,12345
,,mask_Face_pure_random_05_mean,pure_matched_random,973,E3_interaction,0.0,0.2787701487541199,0.7963511943817139,Face,52900,Face,,,,,,12345
,,mask_Scene_mean,target_roi,158,E3_interaction,1.0,0.2509179413318634,0.7470666170120239,Face,33856,Scene,,,,,,12345
,,mask_Scene_mean,target_roi,287,E3_interaction,0.0,0.12400291860103607,0.8343356251716614,Face,32761,Scene,,,,,,12345
,,mask_Scene_mean,target_roi,415,E3_interaction,0.0,0.20679816603660583,0.7010055184364319,Face,30625,Scene,,,,,,12345
,,mask_Scene_mean,target_roi,465,E3_interaction,0.0,0.3381500244140625,0.7937995791435242,Face,24649,Scene,,,,,,12345
,,mask_Scene_mean,target_roi,529,E3_interaction,1.0,0.2886272072792053,0.6593713760375977,Face,17161,Scene,,,,,,12345
,,mask_Scene_mean,target_roi,678,E3_interaction,0.0,0.7168537378311157,0.5894241333007812,Face,17956,Scene,,,,,,12345
,,mask_Scene_mean,target_roi,756,E3_interaction,0.0,0.4156341850757599,0.8159089684486389,Face,42025,Scene,,,,,,12345
,,mask_Scene_mean,target_roi,781,E3_interaction,0.0,0.0865354835987091,0.8237785696983337,Face,16641,Scene,,,,,,12345
,,mask_Scene_mean,target_roi,789,E3_interaction,0.0,0.29240429401397705,0.6728991270065308,Face,17424,Scene,,,,,,12345
,,mask_Scene_mean,target_roi,973,E3_interaction,0.0,0.20825450122356415,0.8244470953941345,Face,52900,Scene,,,,,,12345
,,mask_Scene_pure_random_01_mean,pure_matched_random,158,E3_interaction,1.0,0.1278897374868393,0.734563946723938,Face,33856,Scene,,,,,,12345
,,mask_Scene_pure_random_01_mean,pure_matched_random,287,E3_interaction,0.0,0.10482621192932129,0.8126566410064697,Face,32761,Scene,,,,,,12345
,,mask_Scene_pure_random_01_mean,pure_matched_random,415,E3_interaction,0.0,0.27562353014945984,0.6997799873352051,Face,30625,Scene,,,,,,12345
,,mask_Scene_pure_random_01_mean,pure_matched_random,465,E3_interaction,0.0,0.2986801266670227,0.7920931577682495,Face,24649,Scene,,,,,,12345
,,mask_Scene_pure_random_01_mean,pure_matched_random,529,E3_interaction,0.0,0.26356178522109985,0.6571691036224365,Face,17161,Scene,,,,,,12345
,,mask_Scene_pure_random_01_mean,pure_matched_random,678,E3_interaction,1.0,0.45740699768066406,0.5590108036994934,Face,17956,Scene,,,,,,12345
,,mask_Scene_pure_random_01_mean,pure_matched_random,756,E3_interaction,0.0,0.3243408203125,0.796791136264801,Face,42025,Scene,,,,,,12345
,,mask_Scene_pure_random_01_mean,pure_matched_random,781,E3_interaction,0.0,0.041281312704086304,0.693686842918396,Face,16641,Scene,,,,,,12345
,,mask_Scene_pure_random_01_mean,pure_matched_random,789,E3_interaction,0.0,0.26213786005973816,0.6708967089653015,Face,17424,Scene,,,,,,12345
,,mask_Scene_pure_random_01_mean,pure_matched_random,973,E3_interaction,0.0,0.21609288454055786,0.8314236998558044,Face,52900,Scene,,,,,,12345
,,mask_Scene_pure_random_02_mean,pure_matched_random,158,E3_interaction,1.0,0.11641095578670502,0.7231507301330566,Face,33856,Scene,,,,,,12345
,,mask_Scene_pure_random_02_mean,pure_matched_random,287,E3_interaction,0.0,0.13496994972229004,0.8290392160415649,Face,32761,Scene,,,,,,12345
,,mask_Scene_pure_random_02_mean,pure_matched_random,415,E3_interaction,0.0,0.2260522097349167,0.6996555328369141,Face,30625,Scene,,,,,,12345
,,mask_Scene_pure_random_02_mean,pure_matched_random,465,E3_interaction,0.0,0.3132530152797699,0.7921120524406433,Face,24649,Scene,,,,,,12345
,,mask_Scene_pure_random_02_mean,pure_matched_random,529,E3_interaction,1.0,0.27764251828193665,0.6537182331085205,Face,17161,Scene,,,,,,12345
,,mask_Scene_pure_random_02_mean,pure_matched_random,678,E3_interaction,1.0,0.43087729811668396,0.5610126256942749,Face,17956,Scene,,,,,,12345
,,mask_Scene_pure_random_02_mean,pure_matched_random,756,E3_interaction,0.0,0.4440683126449585,0.8004209995269775,Face,42025,Scene,,,,,,12345
,,mask_Scene_pure_random_02_mean,pure_matched_random,781,E3_interaction,1.0,0.08437331765890121,0.711147665977478,Face,16641,Scene,,,,,,12345
,,mask_Scene_pure_random_02_mean,pure_matched_random,789,E3_interaction,0.0,0.2919040322303772,0.6710805892944336,Face,17424,Scene,,,,,,12345
,,mask_Scene_pure_random_02_mean,pure_matched_random,973,E3_interaction,0.0,0.2184571921825409,0.8253372311592102,Face,52900,Scene,,,,,,12345
,,mask_Scene_pure_random_03_mean,pure_matched_random,158,E3_interaction,1.0,0.10756056755781174,0.7243351340293884,Face,33856,Scene,,,,,,12345
,,mask_Scene_pure_random_03_mean,pure_matched_random,287,E3_interaction,1.0,0.1107843890786171,0.832557201385498,Face,32761,Scene,,,,,,12345
,,mask_Scene_pure_random_03_mean,pure_matched_random,415,E3_interaction,0.0,0.22445817291736603,0.7030887603759766,Face,30625,Scene,,,,,,12345
,,mask_Scene_pure_random_03_mean,pure_matched_random,465,E3_interaction,1.0,0.294329971075058,0.7973026037216187,Face,24649,Scene,,,,,,12345
,,mask_Scene_pure_random_03_mean,pure_matched_random,529,E3_interaction,1.0,0.2767947018146515,0.6546171307563782,Face,17161,Scene,,,,,,12345
,,mask_Scene_pure_random_03_mean,pure_matched_random,678,E3_interaction,1.0,0.4343637526035309,0.5613914728164673,Face,17956,Scene,,,,,,12345
,,mask_Scene_pure_random_03_mean,pure_matched_random,756,E3_interaction,0.0,0.4223676919937134,0.7974086999893188,Face,42025,Scene,,,,,,12345
,,mask_Scene_pure_random_03_mean,pure_matched_random,781,E3_interaction,0.0,0.026704497635364532,0.698300302028656,Face,16641,Scene,,,,,,12345
,,mask_Scene_pure_random_03_mean,pure_matched_random,789,E3_interaction,0.0,0.28836822509765625,0.674991250038147,Face,17424,Scene,,,,,,12345
,,mask_Scene_pure_random_03_mean,pure_matched_random,973,E3_interaction,0.0,0.21122655272483826,0.8341926336288452,Face,52900,Scene,,,,,,12345
,,mask_Scene_pure_random_04_mean,pure_matched_random,158,E3_interaction,1.0,0.11560700088739395,0.7207233905792236,Face,33856,Scene,,,,,,12345
,,mask_Scene_pure_random_04_mean,pure_matched_random,287,E3_interaction,0.0,0.14389729499816895,0.821553647518158,Face,32761,Scene,,,,,,12345
,,mask_Scene_pure_random_04_mean,pure_matched_random,415,E3_interaction,0.0,0.23531681299209595,0.7060811519622803,Face,30625,Scene,,,,,,12345
,,mask_Scene_pure_random_04_mean,pure_matched_random,465,E3_interaction,1.0,0.27713996171951294,0.8007983565330505,Face,24649,Scene,,,,,,12345
,,mask_Scene_pure_random_04_mean,pure_matched_random,529,E3_interaction,0.0,0.26102206110954285,0.6651855707168579,Face,17161,Scene,,,,,,12345
,,mask_Scene_pure_random_04_mean,pure_matched_random,678,E3_interaction,1.0,0.47169438004493713,0.5625256299972534,Face,17956,Scene,,,,,,12345
,,mask_Scene_pure_random_04_mean,pure_matched_random,756,E3_interaction,0.0,0.41915857791900635,0.7944783568382263,Face,42025,Scene,,,,,,12345
,,mask_Scene_pure_random_04_mean,pure_matched_random,781,E3_interaction,1.0,0.033892761915922165,0.7036041617393494,Face,16641,Scene,,,,,,12345
,,mask_Scene_pure_random_04_mean,pure_matched_random,789,E3_interaction,0.0,0.27224794030189514,0.6640685796737671,Face,17424,Scene,,,,,,12345
,,mask_Scene_pure_random_04_mean,pure_matched_random,973,E3_interaction,0.0,0.1948561668395996,0.8508429527282715,Face,52900,Scene,,,,,,12345
,,mask_Scene_pure_random_05_mean,pure_matched_random,158,E3_interaction,1.0,0.07614297419786453,0.7167339324951172,Face,33856,Scene,,,,,,12345
,,mask_Scene_pure_random_05_mean,pure_matched_random,287,E3_interaction,0.0,0.11493467539548874,0.8295919895172119,Face,32761,Scene,,,,,,12345
,,mask_Scene_pure_random_05_mean,pure_matched_random,415,E3_interaction,0.0,0.2207724153995514,0.7034399509429932,Face,30625,Scene,,,,,,12345
,,mask_Scene_pure_random_05_mean,pure_matched_random,465,E3_interaction,1.0,0.2885061204433441,0.7990135550498962,Face,24649,Scene,,,,,,12345
,,mask_Scene_pure_random_05_mean,pure_matched_random,529,E3_interaction,1.0,0.2967725694179535,0.6507897973060608,Face,17161,Scene,,,,,,12345
,,mask_Scene_pure_random_05_mean,pure_matched_random,678,E3_interaction,1.0,0.43324559926986694,0.5607720613479614,Face,17956,Scene,,,,,,12345
,,mask_Scene_pure_random_05_mean,pure_matched_random,756,E3_interaction,0.0,0.3708500564098358,0.7982290983200073,Face,42025,Scene,,,,,,12345
,,mask_Scene_pure_random_05_mean,pure_matched_random,781,E3_interaction,0.0,0.030776454135775566,0.7117093205451965,Face,16641,Scene,,,,,,12345
,,mask_Scene_pure_random_05_mean,pure_matched_random,789,E3_interaction,0.0,0.2745417058467865,0.6748027801513672,Face,17424,Scene,,,,,,12345
,,mask_Scene_pure_random_05_mean,pure_matched_random,973,E3_interaction,0.0,0.21071404218673706,0.8296530246734619,Face,52900,Scene,,,,,,12345
,,no_mask,none,158,E3_interaction,1.0,0.09172680228948593,0.7233550548553467,Face,33856,none,,,,,,12345
,,no_mask,none,287,E3_interaction,0.0,0.11098871380090714,0.8305163383483887,Face,32761,none,,,,,,12345
,,no_mask,none,415,E3_interaction,0.0,0.23218600451946259,0.7023121118545532,Face,30625,none,,,,,,12345
,,no_mask,none,465,E3_interaction,1.0,0.2879501283168793,0.7993501424789429,Face,24649,none,,,,,,12345
,,no_mask,none,529,E3_interaction,1.0,0.2786369323730469,0.6563475728034973,Face,17161,none,,,,,,12345
,,no_mask,none,678,E3_interaction,1.0,0.43781253695487976,0.561542272567749,Face,17956,none,,,,,,12345
,,no_mask,none,756,E3_interaction,0.0,0.36466413736343384,0.8037539720535278,Face,42025,none,,,,,,12345
,,no_mask,none,781,E3_interaction,0.0,0.11531533300876617,0.6968536376953125,Face,16641,none,,,,,,12345
,,no_mask,none,789,E3_interaction,0.0,0.28745272755622864,0.674533486366272,Face,17424,none,,,,,,12345
,,no_mask,none,973,E3_interaction,0.0,0.20547251403331757,0.8332717418670654,Face,52900,none,,,,,,12345
,,no_mask_repeat,none,158,E3_interaction,1.0,0.09172680228948593,0.7233550548553467,Face,33856,none,,,,,,12345
,,no_mask_repeat,none,287,E3_interaction,0.0,0.11098871380090714,0.8305163383483887,Face,32761,none,,,,,,12345
,,no_mask_repeat,none,415,E3_interaction,0.0,0.23218600451946259,0.7023121118545532,Face,30625,none,,,,,,12345
,,no_mask_repeat,none,465,E3_interaction,1.0,0.2879501283168793,0.7993501424789429,Face,24649,none,,,,,,12345
,,no_mask_repeat,none,529,E3_interaction,1.0,0.2786369323730469,0.6563475728034973,Face,17161,none,,,,,,12345
,,no_mask_repeat,none,678,E3_interaction,1.0,0.43781253695487976,0.561542272567749,Face,17956,none,,,,,,12345
,,no_mask_repeat,none,756,E3_interaction,0.0,0.36466413736343384,0.8037539720535278,Face,42025,none,,,,,,12345
,,no_mask_repeat,none,781,E3_interaction,0.0,0.11531533300876617,0.6968536376953125,Face,16641,none,,,,,,12345
,,no_mask_repeat,none,789,E3_interaction,0.0,0.28745272755622864,0.674533486366272,Face,17424,none,,,,,,12345
,,no_mask_repeat,none,973,E3_interaction,0.0,0.20547251403331757,0.8332717418670654,Face,52900,none,,,,,,12345
,,mask_Body_mean,target_roi,21,E3_interaction,,,,Body,71883,Body,0.4625385105609894,0.40151137113571167,coco_polygon,0.22781826117784013,,12345
,,mask_Body_mean,target_roi,40,E3_interaction,,,,Body,44563,Body,0.168928325176239,0.2478933334350586,coco_polygon,-0.1813309346617382,,12345
,,mask_Body_mean,target_roi,220,E3_interaction,,,,Body,71775,Body,0.08610866218805313,0.4167599081993103,coco_polygon,-0.17184164565380233,,12345
,,mask_Body_mean,target_roi,366,E3_interaction,,,,Body,46652,Body,0.33097195625305176,0.2926909029483795,coco_polygon,0.19917697812676316,,12345
,,mask_Body_mean,target_roi,474,E3_interaction,,,,Body,54856,Body,0.3184880018234253,0.3274573087692261,coco_polygon,0.31619517994253693,,12345
,,mask_Body_mean,target_roi,716,E3_interaction,,,,Body,63805,Body,0.21556800603866577,0.3251945972442627,coco_polygon,-0.027964217494757956,,12345
,,mask_Body_mean,target_roi,816,E3_interaction,,,,Body,110182,Body,0.2273780107498169,0.5769549012184143,coco_polygon,-0.04462699139216196,,12345
,,mask_Body_mean,target_roi,847,E3_interaction,,,,Body,48302,Body,0.2390342652797699,0.2913441061973572,coco_polygon,-0.16821507263581276,,12345
,,mask_Body_mean,target_roi,931,E3_interaction,,,,Body,70051,Body,0.7210742831230164,0.41431286931037903,coco_bbox_fallback_for_rle,0.12383550735037746,,12345
,,mask_Body_mean,target_roi,941,E3_interaction,,,,Body,51802,Body,0.16171379387378693,0.3124774098396301,coco_polygon,-0.04847430774542755,,12345
,,mask_Body_pure_random_01_mean,pure_matched_random,21,E3_interaction,,,,Body,71883,Body,0.4444052278995514,0.40175336599349976,coco_polygon,0.22694357038066423,,12345
,,mask_Body_pure_random_01_mean,pure_matched_random,40,E3_interaction,,,,Body,44563,Body,0.17011824250221252,0.24968814849853516,coco_polygon,-0.16526126953656298,,12345
,,mask_Body_pure_random_01_mean,pure_matched_random,220,E3_interaction,,,,Body,71775,Body,0.0999210923910141,0.38151755928993225,coco_polygon,-0.21969953611690915,,12345
,,mask_Body_pure_random_01_mean,pure_matched_random,366,E3_interaction,,,,Body,46652,Body,0.3641890287399292,0.30211448669433594,coco_polygon,0.1709714453807436,,12345
,,mask_Body_pure_random_01_mean,pure_matched_random,474,E3_interaction,,,,Body,54856,Body,0.2511906325817108,0.3343934416770935,coco_polygon,0.32216032348340984,,12345
,,mask_Body_pure_random_01_mean,pure_matched_random,716,E3_interaction,,,,Body,63805,Body,0.13083592057228088,0.32083600759506226,coco_polygon,-0.033118310599783776,,12345
,,mask_Body_pure_random_01_mean,pure_matched_random,816,E3_interaction,,,,Body,110182,Body,0.24884122610092163,0.5737259984016418,coco_polygon,-0.04705220348725735,,12345
,,mask_Body_pure_random_01_mean,pure_matched_random,847,E3_interaction,,,,Body,48302,Body,0.20496995747089386,0.29705700278282166,coco_polygon,-0.14941702753821212,,12345
,,mask_Body_pure_random_01_mean,pure_matched_random,931,E3_interaction,,,,Body,70051,Body,0.7188814282417297,0.4117424190044403,coco_bbox_fallback_for_rle,0.12407582927143648,,12345
,,mask_Body_pure_random_01_mean,pure_matched_random,941,E3_interaction,,,,Body,51802,Body,0.16939997673034668,0.322462797164917,coco_polygon,-0.2663447224404805,,12345
,,mask_Body_pure_random_02_mean,pure_matched_random,21,E3_interaction,,,,Body,71883,Body,0.44778871536254883,0.40273284912109375,coco_polygon,0.22825502547385004,,12345
,,mask_Body_pure_random_02_mean,pure_matched_random,40,E3_interaction,,,,Body,44563,Body,0.1950717568397522,0.25102272629737854,coco_polygon,-0.15554967135336256,,12345
,,mask_Body_pure_random_02_mean,pure_matched_random,220,E3_interaction,,,,Body,71775,Body,0.103970006108284,0.41646796464920044,coco_polygon,-0.17634076139012148,,12345
,,mask_Body_pure_random_02_mean,pure_matched_random,366,E3_interaction,,,,Body,46652,Body,0.4416232109069824,0.2788102924823761,coco_polygon,0.2583576558798134,,12345
,,mask_Body_pure_random_02_mean,pure_matched_random,474,E3_interaction,,,,Body,54856,Body,0.3154175579547882,0.33851075172424316,coco_polygon,0.31960467442429874,,12345
,,mask_Body_pure_random_02_mean,pure_matched_random,716,E3_interaction,,,,Body,63805,Body,0.1529196947813034,0.31809672713279724,coco_polygon,-0.03755813281264153,,12345
,,mask_Body_pure_random_02_mean,pure_matched_random,816,E3_interaction,,,,Body,110182,Body,0.22851917147636414,0.5769000053405762,coco_polygon,-0.045432051279473536,,12345
,,mask_Body_pure_random_02_mean,pure_matched_random,847,E3_interaction,,,,Body,48302,Body,0.22428396344184875,0.29007774591445923,coco_polygon,-0.1643999468518224,,12345
,,mask_Body_pure_random_02_mean,pure_matched_random,931,E3_interaction,,,,Body,70051,Body,0.7203758358955383,0.4142826795578003,coco_bbox_fallback_for_rle,0.12414398031931806,,12345
,,mask_Body_pure_random_02_mean,pure_matched_random,941,E3_interaction,,,,Body,51802,Body,0.19676366448402405,0.3136138319969177,coco_polygon,-0.0349213100893065,,12345
,,mask_Body_pure_random_03_mean,pure_matched_random,21,E3_interaction,,,,Body,71883,Body,0.4595133662223816,0.40112996101379395,coco_polygon,0.2352734336591412,,12345
,,mask_Body_pure_random_03_mean,pure_matched_random,40,E3_interaction,,,,Body,44563,Body,0.16310898959636688,0.24639910459518433,coco_polygon,-0.14864333589923087,,12345
,,mask_Body_pure_random_03_mean,pure_matched_random,220,E3_interaction,,,,Body,71775,Body,0.2114349603652954,0.4028061628341675,coco_polygon,-0.16901686027043675,,12345
,,mask_Body_pure_random_03_mean,pure_matched_random,366,E3_interaction,,,,Body,46652,Body,0.3201450705528259,0.300733745098114,coco_polygon,0.17464025639056302,,12345
,,mask_Body_pure_random_03_mean,pure_matched_random,474,E3_interaction,,,,Body,54856,Body,0.2541290521621704,0.3275105357170105,coco_polygon,0.31014190933643665,,12345
,,mask_Body_pure_random_03_mean,pure_matched_random,716,E3_interaction,,,,Body,63805,Body,0.23508979380130768,0.32756662368774414,coco_polygon,-0.028717207851151356,,12345
,,mask_Body_pure_random_03_mean,pure_matched_random,816,E3_interaction,,,,Body,110182,Body,0.17935329675674438,0.5705888271331787,coco_polygon,-0.04438621771890167,,12345
,,mask_Body_pure_random_03_mean,pure_matched_random,847,E3_interaction,,,,Body,48302,Body,0.2326682209968567,0.2891247570514679,coco_polygon,-0.16138306156114873,,12345
,,mask_Body_pure_random_03_mean,pure_matched_random,931,E3_interaction,,,,Body,70051,Body,0.6756148338317871,0.39571666717529297,coco_bbox_fallback_for_rle,0.1482742387756031,,12345
,,mask_Body_pure_random_03_mean,pure_matched_random,941,E3_interaction,,,,Body,51802,Body,0.1572578400373459,0.31371521949768066,coco_polygon,-0.031649031798678035,,12345
,,mask_Body_pure_random_04_mean,pure_matched_random,21,E3_interaction,,,,Body,71883,Body,0.4154966473579407,0.4036240875720978,coco_polygon,0.233277203592834,,12345
,,mask_Body_pure_random_04_mean,pure_matched_random,40,E3_interaction,,,,Body,44563,Body,0.19646945595741272,0.250453382730484,coco_polygon,-0.1543903916489838,,12345
,,mask_Body_pure_random_04_mean,pure_matched_random,220,E3_interaction,,,,Body,71775,Body,0.10675486922264099,0.41535404324531555,coco_polygon,-0.17624889288227263,,12345
,,mask_Body_pure_random_04_mean,pure_matched_random,366,E3_interaction,,,,Body,46652,Body,0.18470928072929382,0.303793728351593,coco_polygon,0.17161246941535846,,12345
,,mask_Body_pure_random_04_mean,pure_matched_random,474,E3_interaction,,,,Body,54856,Body,0.35420018434524536,0.3367241322994232,coco_polygon,0.31535542248744447,,12345
,,mask_Body_pure_random_04_mean,pure_matched_random,716,E3_interaction,,,,Body,63805,Body,0.15331177413463593,0.32419392466545105,coco_polygon,-0.03396409478785487,,12345
,,mask_Body_pure_random_04_mean,pure_matched_random,816,E3_interaction,,,,Body,110182,Body,0.24005983769893646,0.574856698513031,coco_polygon,-0.043729280897917715,,12345
,,mask_Body_pure_random_04_mean,pure_matched_random,847,E3_interaction,,,,Body,48302,Body,0.19389206171035767,0.28611359000205994,coco_polygon,-0.15002380162073242,,12345
,,mask_Body_pure_random_04_mean,pure_matched_random,931,E3_interaction,,,,Body,70051,Body,0.6977732181549072,0.4011586606502533,coco_bbox_fallback_for_rle,0.13484881638004043,,12345
,,mask_Body_pure_random_04_mean,pure_matched_random,941,E3_interaction,,,,Body,51802,Body,0.1686842143535614,0.31376075744628906,coco_polygon,-0.03239330078880365,,12345
,,mask_Body_pure_random_05_mean,pure_matched_random,21,E3_interaction,,,,Body,71883,Body,0.44481003284454346,0.401704341173172,coco_polygon,0.22761462170514718,,12345
,,mask_Body_pure_random_05_mean,pure_matched_random,40,E3_interaction,,,,Body,44563,Body,0.17917510867118835,0.25279703736305237,coco_polygon,-0.15964442800873394,,12345
,,mask_Body_pure_random_05_mean,pure_matched_random,220,E3_interaction,,,,Body,71775,Body,0.114671990275383,0.4139167070388794,coco_polygon,-0.17180314348079484,,12345
,,mask_Body_pure_random_05_mean,pure_matched_random,366,E3_interaction,,,,Body,46652,Body,0.2578509449958801,0.30326080322265625,coco_polygon,0.1626333910371907,,12345
,,mask_Body_pure_random_05_mean,pure_matched_random,474,E3_interaction,,,,Body,54856,Body,0.3180130422115326,0.33243682980537415,coco_polygon,0.3125452302716262,,12345
,,mask_Body_pure_random_05_mean,pure_matched_random,716,E3_interaction,,,,Body,63805,Body,0.16490447521209717,0.3249303996562958,coco_polygon,-0.0332927274698175,,12345
,,mask_Body_pure_random_05_mean,pure_matched_random,816,E3_interaction,,,,Body,110182,Body,0.21887415647506714,0.5746290683746338,coco_polygon,-0.04533497289150709,,12345
,,mask_Body_pure_random_05_mean,pure_matched_random,847,E3_interaction,,,,Body,48302,Body,0.2315179854631424,0.2906264364719391,coco_polygon,-0.1635260992068363,,12345
,,mask_Body_pure_random_05_mean,pure_matched_random,931,E3_interaction,,,,Body,70051,Body,0.6943281888961792,0.39885687828063965,coco_bbox_fallback_for_rle,0.13244173657637032,,12345
,,mask_Body_pure_random_05_mean,pure_matched_random,941,E3_interaction,,,,Body,51802,Body,0.1871395856142044,0.3139527142047882,coco_polygon,-0.035790875745369925,,12345
,,mask_Face_mean,target_roi,21,E3_interaction,,,,Body,71883,Face,0.42827272415161133,0.4034438729286194,coco_polygon,0.24006397089694345,,12345
,,mask_Face_mean,target_roi,40,E3_interaction,,,,Body,44563,Face,0.19106024503707886,0.2502291798591614,coco_polygon,-0.15409004312821947,,12345
,,mask_Face_mean,target_roi,220,E3_interaction,,,,Body,71775,Face,0.09261436760425568,0.4162404537200928,coco_polygon,-0.17542089989806414,,12345
,,mask_Face_mean,target_roi,366,E3_interaction,,,,Body,46652,Face,0.32961565256118774,0.29880401492118835,coco_polygon,0.18328098818862457,,12345
,,mask_Face_mean,target_roi,474,E3_interaction,,,,Body,54856,Face,0.35807663202285767,0.3335076570510864,coco_polygon,0.3150442501449976,,12345
,,mask_Face_mean,target_roi,716,E3_interaction,,,,Body,63805,Face,0.18773365020751953,0.3208010494709015,coco_polygon,-0.04775318248346224,,12345
,,mask_Face_mean,target_roi,816,E3_interaction,,,,Body,110182,Face,0.22403697669506073,0.5744727849960327,coco_polygon,-0.04363635651049976,,12345
,,mask_Face_mean,target_roi,847,E3_interaction,,,,Body,48302,Face,0.22955578565597534,0.2924290597438812,coco_polygon,-0.15935285627447432,,12345
,,mask_Face_mean,target_roi,931,E3_interaction,,,,Body,70051,Face,0.6705536842346191,0.40376678109169006,coco_bbox_fallback_for_rle,0.0693334716660138,,12345
,,mask_Face_mean,target_roi,941,E3_interaction,,,,Body,51802,Face,0.14616833627223969,0.3157390356063843,coco_polygon,-0.04239846687491306,,12345
,,mask_Face_pure_random_01_mean,pure_matched_random,21,E3_interaction,,,,Body,71883,Face,0.44387468695640564,0.4026130139827728,coco_polygon,0.22725170606068093,,12345
,,mask_Face_pure_random_01_mean,pure_matched_random,40,E3_interaction,,,,Body,44563,Face,0.18810132145881653,0.2524928152561188,coco_polygon,-0.15723484337054025,,12345
,,mask_Face_pure_random_01_mean,pure_matched_random,220,E3_interaction,,,,Body,71775,Face,0.09486601501703262,0.4151386022567749,coco_polygon,-0.17566261355573784,,12345
,,mask_Face_pure_random_01_mean,pure_matched_random,366,E3_interaction,,,,Body,46652,Face,0.3341427743434906,0.30209827423095703,coco_polygon,0.18057625285936973,,12345
,,mask_Face_pure_random_01_mean,pure_matched_random,474,E3_interaction,,,,Body,54856,Face,0.34980130195617676,0.33365970849990845,coco_polygon,0.3207924228159129,,12345
,,mask_Face_pure_random_01_mean,pure_matched_random,716,E3_interaction,,,,Body,63805,Face,0.1749657392501831,0.31723758578300476,coco_polygon,-0.03222382491038008,,12345
,,mask_Face_pure_random_01_mean,pure_matched_random,816,E3_interaction,,,,Body,110182,Face,0.24601837992668152,0.5745993852615356,coco_polygon,-0.04609969816563965,,12345
,,mask_Face_pure_random_01_mean,pure_matched_random,847,E3_interaction,,,,Body,48302,Face,0.22234418988227844,0.28979185223579407,coco_polygon,-0.16483483254922673,,12345
,,mask_Face_pure_random_01_mean,pure_matched_random,931,E3_interaction,,,,Body,70051,Face,0.7205401659011841,0.4111640155315399,coco_bbox_fallback_for_rle,0.12632648868141744,,12345
,,mask_Face_pure_random_01_mean,pure_matched_random,941,E3_interaction,,,,Body,51802,Face,0.2097930908203125,0.31309202313423157,coco_polygon,-0.03777431301741414,,12345
,,mask_Face_pure_random_02_mean,pure_matched_random,21,E3_interaction,,,,Body,71883,Face,0.44193586707115173,0.4018450081348419,coco_polygon,0.2288024855354101,,12345
,,mask_Face_pure_random_02_mean,pure_matched_random,40,E3_interaction,,,,Body,44563,Face,0.1666635125875473,0.25053200125694275,coco_polygon,-0.171316568764795,,12345
,,mask_Face_pure_random_02_mean,pure_matched_random,220,E3_interaction,,,,Body,71775,Face,0.1073964536190033,0.4148986339569092,coco_polygon,-0.16690419195497697,,12345
,,mask_Face_pure_random_02_mean,pure_matched_random,366,E3_interaction,,,,Body,46652,Face,0.32146018743515015,0.29666951298713684,coco_polygon,0.20508740342108953,,12345
,,mask_Face_pure_random_02_mean,pure_matched_random,474,E3_interaction,,,,Body,54856,Face,0.30801913142204285,0.338678777217865,coco_polygon,0.3194090767374377,,12345
,,mask_Face_pure_random_02_mean,pure_matched_random,716,E3_interaction,,,,Body,63805,Face,0.152149498462677,0.32041093707084656,coco_polygon,-0.03290490652184141,,12345
,,mask_Face_pure_random_02_mean,pure_matched_random,816,E3_interaction,,,,Body,110182,Face,0.2444905936717987,0.5754114389419556,coco_polygon,-0.042369850613952736,,12345
,,mask_Face_pure_random_02_mean,pure_matched_random,847,E3_interaction,,,,Body,48302,Face,0.166532501578331,0.2869130074977875,coco_polygon,-0.14439026868799226,,12345
,,mask_Face_pure_random_02_mean,pure_matched_random,931,E3_interaction,,,,Body,70051,Face,0.6919877529144287,0.39979228377342224,coco_bbox_fallback_for_rle,0.08093156015855078,,12345
,,mask_Face_pure_random_02_mean,pure_matched_random,941,E3_interaction,,,,Body,51802,Face,0.20482778549194336,0.3182978928089142,coco_polygon,-0.038441475127253516,,12345
,,mask_Face_pure_random_03_mean,pure_matched_random,21,E3_interaction,,,,Body,71883,Face,0.4381033778190613,0.40779879689216614,coco_polygon,0.22326726013534948,,12345
,,mask_Face_pure_random_03_mean,pure_matched_random,40,E3_interaction,,,,Body,44563,Face,0.18761813640594482,0.251361221075058,coco_polygon,-0.15708496076569028,,12345
,,mask_Face_pure_random_03_mean,pure_matched_random,220,E3_interaction,,,,Body,71775,Face,0.08554206788539886,0.41402649879455566,coco_polygon,-0.17127434921783788,,12345
,,mask_Face_pure_random_03_mean,pure_matched_random,366,E3_interaction,,,,Body,46652,Face,0.3252176344394684,0.30446434020996094,coco_polygon,0.1599047693058339,,12345
,,mask_Face_pure_random_03_mean,pure_matched_random,474,E3_interaction,,,,Body,54856,Face,0.38529813289642334,0.34006044268608093,coco_polygon,0.3605684515965104,,12345
,,mask_Face_pure_random_03_mean,pure_matched_random,716,E3_interaction,,,,Body,63805,Face,0.18064254522323608,0.32250234484672546,coco_polygon,-0.020668298517915126,,12345
,,mask_Face_pure_random_03_mean,pure_matched_random,816,E3_interaction,,,,Body,110182,Face,0.24626170098781586,0.5822333097457886,coco_polygon,-0.044884730152363876,,12345
,,mask_Face_pure_random_03_mean,pure_matched_random,847,E3_interaction,,,,Body,48302,Face,0.2639927268028259,0.2774259150028229,coco_polygon,-0.14649830340149747,,12345
,,mask_Face_pure_random_03_mean,pure_matched_random,931,E3_interaction,,,,Body,70051,Face,0.7711514234542847,0.4038294553756714,coco_bbox_fallback_for_rle,0.0661229108586976,,12345
,,mask_Face_pure_random_03_mean,pure_matched_random,941,E3_interaction,,,,Body,51802,Face,0.15955446660518646,0.3131996989250183,coco_polygon,-0.04068264641362699,,12345
,,mask_Face_pure_random_04_mean,pure_matched_random,21,E3_interaction,,,,Body,71883,Face,0.44137129187583923,0.4024845361709595,coco_polygon,0.22653044968973338,,12345
,,mask_Face_pure_random_04_mean,pure_matched_random,40,E3_interaction,,,,Body,44563,Face,0.20552819967269897,0.24874438345432281,coco_polygon,-0.15119528128930865,,12345
,,mask_Face_pure_random_04_mean,pure_matched_random,220,E3_interaction,,,,Body,71775,Face,0.1495864987373352,0.4211127460002899,coco_polygon,-0.16315563446811693,,12345
,,mask_Face_pure_random_04_mean,pure_matched_random,366,E3_interaction,,,,Body,46652,Face,0.25889456272125244,0.3046944737434387,coco_polygon,0.18787900660707912,,12345
,,mask_Face_pure_random_04_mean,pure_matched_random,474,E3_interaction,,,,Body,54856,Face,0.34376081824302673,0.3320825695991516,coco_polygon,0.3190719409228672,,12345
,,mask_Face_pure_random_04_mean,pure_matched_random,716,E3_interaction,,,,Body,63805,Face,0.14484183490276337,0.3199717402458191,coco_polygon,-0.04253183526302221,,12345
,,mask_Face_pure_random_04_mean,pure_matched_random,816,E3_interaction,,,,Body,110182,Face,0.2560276389122009,0.5812299251556396,coco_polygon,-0.03635030148635861,,12345
,,mask_Face_pure_random_04_mean,pure_matched_random,847,E3_interaction,,,,Body,48302,Face,0.2186208963394165,0.28971025347709656,coco_polygon,-0.1651432466583022,,12345
,,mask_Face_pure_random_04_mean,pure_matched_random,931,E3_interaction,,,,Body,70051,Face,0.6579493880271912,0.40034019947052,coco_bbox_fallback_for_rle,0.06849338368556979,,12345
,,mask_Face_pure_random_04_mean,pure_matched_random,941,E3_interaction,,,,Body,51802,Face,0.208676278591156,0.31130993366241455,coco_polygon,-0.04476261037463299,,12345
,,mask_Face_pure_random_05_mean,pure_matched_random,21,E3_interaction,,,,Body,71883,Face,0.4161844551563263,0.4056399464607239,coco_polygon,0.23376889008917273,,12345
,,mask_Face_pure_random_05_mean,pure_matched_random,40,E3_interaction,,,,Body,44563,Face,0.17263981699943542,0.2550056278705597,coco_polygon,-0.16974743456158653,,12345
,,mask_Face_pure_random_05_mean,pure_matched_random,220,E3_interaction,,,,Body,71775,Face,0.09492705762386322,0.4104055166244507,coco_polygon,-0.1516988561150523,,12345
,,mask_Face_pure_random_05_mean,pure_matched_random,366,E3_interaction,,,,Body,46652,Face,0.41047942638397217,0.29638248682022095,coco_polygon,0.19945285450011932,,12345
,,mask_Face_pure_random_05_mean,pure_matched_random,474,E3_interaction,,,,Body,54856,Face,0.35350650548934937,0.33295738697052,coco_polygon,0.3329543202505501,,12345
,,mask_Face_pure_random_05_mean,pure_matched_random,716,E3_interaction,,,,Body,63805,Face,0.1343492865562439,0.31784293055534363,coco_polygon,-0.03478021334007768,,12345
,,mask_Face_pure_random_05_mean,pure_matched_random,816,E3_interaction,,,,Body,110182,Face,0.24242672324180603,0.581082284450531,coco_polygon,-0.03923128096499695,,12345
,,mask_Face_pure_random_05_mean,pure_matched_random,847,E3_interaction,,,,Body,48302,Face,0.23792493343353271,0.2984447479248047,coco_polygon,-0.14732012062886438,,12345
,,mask_Face_pure_random_05_mean,pure_matched_random,931,E3_interaction,,,,Body,70051,Face,0.5973551273345947,0.39689871668815613,coco_bbox_fallback_for_rle,0.10199660268820981,,12345
,,mask_Face_pure_random_05_mean,pure_matched_random,941,E3_interaction,,,,Body,51802,Face,0.19528217613697052,0.31220346689224243,coco_polygon,-0.047749766937092555,,12345
,,mask_Scene_mean,target_roi,21,E3_interaction,,,,Body,71883,Scene,0.40499651432037354,0.40426352620124817,coco_polygon,0.2349550900646702,,12345
,,mask_Scene_mean,target_roi,40,E3_interaction,,,,Body,44563,Scene,0.18843473494052887,0.24820226430892944,coco_polygon,-0.16904007302722018,,12345
,,mask_Scene_mean,target_roi,220,E3_interaction,,,,Body,71775,Scene,0.13912339508533478,0.4183708131313324,coco_polygon,-0.1555486100567281,,12345
,,mask_Scene_mean,target_roi,366,E3_interaction,,,,Body,46652,Scene,0.2545076310634613,0.30393487215042114,coco_polygon,0.17260607481450146,,12345
,,mask_Scene_mean,target_roi,474,E3_interaction,,,,Body,54856,Scene,0.3324415683746338,0.33063799142837524,coco_polygon,0.3133125647723331,,12345
,,mask_Scene_mean,target_roi,716,E3_interaction,,,,Body,63805,Scene,0.12909440696239471,0.3224961459636688,coco_polygon,-0.030795689538186795,,12345
,,mask_Scene_mean,target_roi,816,E3_interaction,,,,Body,110182,Scene,0.1942208856344223,0.578243613243103,coco_polygon,-0.02225471877006739,,12345
,,mask_Scene_mean,target_roi,847,E3_interaction,,,,Body,48302,Scene,0.20602428913116455,0.29801326990127563,coco_polygon,-0.19004099165642852,,12345
,,mask_Scene_mean,target_roi,931,E3_interaction,,,,Body,70051,Scene,0.7132795453071594,0.41313400864601135,coco_bbox_fallback_for_rle,0.11975998110290338,,12345
,,mask_Scene_mean,target_roi,941,E3_interaction,,,,Body,51802,Scene,0.1774422526359558,0.3196960389614105,coco_polygon,-0.033547270754324336,,12345
,,mask_Scene_pure_random_01_mean,pure_matched_random,21,E3_interaction,,,,Body,71883,Scene,0.40504395961761475,0.4044598639011383,coco_polygon,0.22580979441385776,,12345
,,mask_Scene_pure_random_01_mean,pure_matched_random,40,E3_interaction,,,,Body,44563,Scene,0.14796699583530426,0.244845449924469,coco_polygon,-0.15241758620148813,,12345
,,mask_Scene_pure_random_01_mean,pure_matched_random,220,E3_interaction,,,,Body,71775,Scene,0.15940912067890167,0.4192464053630829,coco_polygon,-0.16639635362671518,,12345
,,mask_Scene_pure_random_01_mean,pure_matched_random,366,E3_interaction,,,,Body,46652,Scene,0.4125728905200958,0.298753559589386,coco_polygon,0.22406596839442625,,12345
,,mask_Scene_pure_random_01_mean,pure_matched_random,474,E3_interaction,,,,Body,54856,Scene,0.2728999853134155,0.3303042948246002,coco_polygon,0.30555935022246855,,12345
,,mask_Scene_pure_random_01_mean,pure_matched_random,716,E3_interaction,,,,Body,63805,Scene,0.23347023129463196,0.3245704174041748,coco_polygon,-0.021263790066409324,,12345
,,mask_Scene_pure_random_01_mean,pure_matched_random,816,E3_interaction,,,,Body,110182,Scene,0.24843212962150574,0.5730443596839905,coco_polygon,-0.04149540160585731,,12345
,,mask_Scene_pure_random_01_mean,pure_matched_random,847,E3_interaction,,,,Body,48302,Scene,0.22150716185569763,0.28325197100639343,coco_polygon,-0.10402881524465102,,12345
,,mask_Scene_pure_random_01_mean,pure_matched_random,931,E3_interaction,,,,Body,70051,Scene,0.7117770910263062,0.39155107736587524,coco_bbox_fallback_for_rle,0.14493884041623678,,12345
,,mask_Scene_pure_random_01_mean,pure_matched_random,941,E3_interaction,,,,Body,51802,Scene,0.21681372821331024,0.310733437538147,coco_polygon,-0.05208040442520859,,12345
,,mask_Scene_pure_random_02_mean,pure_matched_random,21,E3_interaction,,,,Body,71883,Scene,0.4494776725769043,0.4014695882797241,coco_polygon,0.23832588093466558,,12345
,,mask_Scene_pure_random_02_mean,pure_matched_random,40,E3_interaction,,,,Body,44563,Scene,0.15026071667671204,0.24607343971729279,coco_polygon,-0.15845499268770297,,12345
,,mask_Scene_pure_random_02_mean,pure_matched_random,220,E3_interaction,,,,Body,71775,Scene,0.17517147958278656,0.41031286120414734,coco_polygon,-0.19021551225108743,,12345
,,mask_Scene_pure_random_02_mean,pure_matched_random,366,E3_interaction,,,,Body,46652,Scene,0.3027755618095398,0.3016272783279419,coco_polygon,0.1865942001426327,,12345
,,mask_Scene_pure_random_02_mean,pure_matched_random,474,E3_interaction,,,,Body,54856,Scene,0.2790485918521881,0.3287585377693176,coco_polygon,0.31231866918312456,,12345
,,mask_Scene_pure_random_02_mean,pure_matched_random,716,E3_interaction,,,,Body,63805,Scene,0.2673151195049286,0.3261430561542511,coco_polygon,-0.03545555305158657,,12345
,,mask_Scene_pure_random_02_mean,pure_matched_random,816,E3_interaction,,,,Body,110182,Scene,0.2686293125152588,0.5777555704116821,coco_polygon,-0.04405817839584581,,12345
,,mask_Scene_pure_random_02_mean,pure_matched_random,847,E3_interaction,,,,Body,48302,Scene,0.18009096384048462,0.28866633772850037,coco_polygon,-0.172773556515353,,12345
,,mask_Scene_pure_random_02_mean,pure_matched_random,931,E3_interaction,,,,Body,70051,Scene,0.7271742224693298,0.39596113562583923,coco_bbox_fallback_for_rle,0.1488348166887882,,12345
,,mask_Scene_pure_random_02_mean,pure_matched_random,941,E3_interaction,,,,Body,51802,Scene,0.13580428063869476,0.31361162662506104,coco_polygon,-0.02482905402016362,,12345
,,mask_Scene_pure_random_03_mean,pure_matched_random,21,E3_interaction,,,,Body,71883,Scene,0.4390043318271637,0.3999195098876953,coco_polygon,0.230099896553455,,12345
,,mask_Scene_pure_random_03_mean,pure_matched_random,40,E3_interaction,,,,Body,44563,Scene,0.15392744541168213,0.24727565050125122,coco_polygon,-0.16150605325825657,,12345
,,mask_Scene_pure_random_03_mean,pure_matched_random,220,E3_interaction,,,,Body,71775,Scene,0.21918094158172607,0.4012256860733032,coco_polygon,-0.23409452768429637,,12345
,,mask_Scene_pure_random_03_mean,pure_matched_random,366,E3_interaction,,,,Body,46652,Scene,0.18873098492622375,0.3020508289337158,coco_polygon,0.17355373404943708,,12345
,,mask_Scene_pure_random_03_mean,pure_matched_random,474,E3_interaction,,,,Body,54856,Scene,0.3262096345424652,0.3289153575897217,coco_polygon,0.31552515843661455,,12345
,,mask_Scene_pure_random_03_mean,pure_matched_random,716,E3_interaction,,,,Body,63805,Scene,0.36393240094184875,0.32495972514152527,coco_polygon,-0.023688050226007087,,12345
,,mask_Scene_pure_random_03_mean,pure_matched_random,816,E3_interaction,,,,Body,110182,Scene,0.25360041856765747,0.5747011303901672,coco_polygon,-0.04271785758957065,,12345
,,mask_Scene_pure_random_03_mean,pure_matched_random,847,E3_interaction,,,,Body,48302,Scene,0.20172852277755737,0.26831093430519104,coco_polygon,-0.18787854746697208,,12345
,,mask_Scene_pure_random_03_mean,pure_matched_random,931,E3_interaction,,,,Body,70051,Scene,0.6829459071159363,0.41904446482658386,coco_bbox_fallback_for_rle,0.15558591471276703,,12345
,,mask_Scene_pure_random_03_mean,pure_matched_random,941,E3_interaction,,,,Body,51802,Scene,0.20877479016780853,0.31458455324172974,coco_polygon,-0.034134356210643736,,12345
,,mask_Scene_pure_random_04_mean,pure_matched_random,21,E3_interaction,,,,Body,71883,Scene,0.4768052101135254,0.4191533327102661,coco_polygon,0.16044843428681219,,12345
,,mask_Scene_pure_random_04_mean,pure_matched_random,40,E3_interaction,,,,Body,44563,Scene,0.3607872426509857,0.2411203384399414,coco_polygon,0.10797430295471881,,12345
,,mask_Scene_pure_random_04_mean,pure_matched_random,220,E3_interaction,,,,Body,71775,Scene,0.28756535053253174,0.4581020474433899,coco_polygon,-0.25640899545595247,,12345
,,mask_Scene_pure_random_04_mean,pure_matched_random,366,E3_interaction,,,,Body,46652,Scene,0.28874823451042175,0.2976270616054535,coco_polygon,0.2550783777945679,,12345
,,mask_Scene_pure_random_04_mean,pure_matched_random,474,E3_interaction,,,,Body,54856,Scene,0.3231087327003479,0.35649460554122925,coco_polygon,0.3321662083913519,,12345
,,mask_Scene_pure_random_04_mean,pure_matched_random,716,E3_interaction,,,,Body,63805,Scene,0.21495187282562256,0.3087487518787384,coco_polygon,-0.00404402936885785,,12345
,,mask_Scene_pure_random_04_mean,pure_matched_random,816,E3_interaction,,,,Body,110182,Scene,0.17333845794200897,0.6111763715744019,coco_polygon,-0.085648143425996,,12345
,,mask_Scene_pure_random_04_mean,pure_matched_random,847,E3_interaction,,,,Body,48302,Scene,0.2618040442466736,0.286329448223114,coco_polygon,-0.1695782284093779,,12345
,,mask_Scene_pure_random_04_mean,pure_matched_random,931,E3_interaction,,,,Body,70051,Scene,0.7338182926177979,0.4095209538936615,coco_bbox_fallback_for_rle,-0.010291890255147014,,12345
,,mask_Scene_pure_random_04_mean,pure_matched_random,941,E3_interaction,,,,Body,51802,Scene,0.11483734846115112,0.32558271288871765,coco_polygon,-0.01911387047701558,,12345
,,mask_Scene_pure_random_05_mean,pure_matched_random,21,E3_interaction,,,,Body,71883,Scene,0.43478599190711975,0.39924561977386475,coco_polygon,0.22983542421359118,,12345
,,mask_Scene_pure_random_05_mean,pure_matched_random,40,E3_interaction,,,,Body,44563,Scene,0.15407244861125946,0.247476726770401,coco_polygon,-0.16070150085082752,,12345
,,mask_Scene_pure_random_05_mean,pure_matched_random,220,E3_interaction,,,,Body,71775,Scene,0.23067358136177063,0.4011766016483307,coco_polygon,-0.2330962441011012,,12345
,,mask_Scene_pure_random_05_mean,pure_matched_random,366,E3_interaction,,,,Body,46652,Scene,0.2330753207206726,0.30221277475357056,coco_polygon,0.17287576737255714,,12345
,,mask_Scene_pure_random_05_mean,pure_matched_random,474,E3_interaction,,,,Body,54856,Scene,0.31528452038764954,0.32822921872138977,coco_polygon,0.31994764716333474,,12345
,,mask_Scene_pure_random_05_mean,pure_matched_random,716,E3_interaction,,,,Body,63805,Scene,0.3778511583805084,0.3259342610836029,coco_polygon,-0.02390778481588499,,12345
,,mask_Scene_pure_random_05_mean,pure_matched_random,816,E3_interaction,,,,Body,110182,Scene,0.2527722716331482,0.5746923685073853,coco_polygon,-0.042513964032885584,,12345
,,mask_Scene_pure_random_05_mean,pure_matched_random,847,E3_interaction,,,,Body,48302,Scene,0.1806918978691101,0.2813928723335266,coco_polygon,-0.19263002535075896,,12345
,,mask_Scene_pure_random_05_mean,pure_matched_random,931,E3_interaction,,,,Body,70051,Scene,0.7000923752784729,0.3930322825908661,coco_bbox_fallback_for_rle,0.14843045970295854,,12345
,,mask_Scene_pure_random_05_mean,pure_matched_random,941,E3_interaction,,,,Body,51802,Scene,0.20973528921604156,0.31467196345329285,coco_polygon,-0.03219994379140801,,12345
,,no_mask,none,21,E3_interaction,,,,Body,71883,none,0.4418523609638214,0.40220367908477783,coco_polygon,0.22773178585436205,,12345
,,no_mask,none,40,E3_interaction,,,,Body,44563,none,0.18648257851600647,0.2503366470336914,coco_polygon,-0.1560148212557031,,12345
,,no_mask,none,220,E3_interaction,,,,Body,71775,none,0.11234947293996811,0.41396576166152954,coco_polygon,-0.175341584477777,,12345
,,no_mask,none,366,E3_interaction,,,,Body,46652,none,0.31846219301223755,0.3012382388114929,coco_polygon,0.1779203632583191,,12345
,,no_mask,none,474,E3_interaction,,,,Body,54856,none,0.31549128890037537,0.33712953329086304,coco_polygon,0.31865845641015766,,12345
,,no_mask,none,716,E3_interaction,,,,Body,63805,none,0.14299330115318298,0.31800413131713867,coco_polygon,-0.03793231750828638,,12345
,,no_mask,none,816,E3_interaction,,,,Body,110182,none,0.22590260207653046,0.5757942199707031,coco_polygon,-0.044773705304171824,,12345
,,no_mask,none,847,E3_interaction,,,,Body,48302,none,0.21237070858478546,0.28989142179489136,coco_polygon,-0.16421297722140404,,12345
,,no_mask,none,931,E3_interaction,,,,Body,70051,none,0.7150506377220154,0.4143545627593994,coco_bbox_fallback_for_rle,0.12219611992884447,,12345
,,no_mask,none,941,E3_interaction,,,,Body,51802,none,0.19369202852249146,0.31357982754707336,coco_polygon,-0.035052037460863016,,12345
,,no_mask_repeat,none,21,E3_interaction,,,,Body,71883,none,0.4418523609638214,0.40220367908477783,coco_polygon,0.22773178585436205,,12345
,,no_mask_repeat,none,40,E3_interaction,,,,Body,44563,none,0.18648257851600647,0.2503366470336914,coco_polygon,-0.1560148212557031,,12345
,,no_mask_repeat,none,220,E3_interaction,,,,Body,71775,none,0.11234947293996811,0.41396576166152954,coco_polygon,-0.175341584477777,,12345
,,no_mask_repeat,none,366,E3_interaction,,,,Body,46652,none,0.31846219301223755,0.3012382388114929,coco_polygon,0.1779203632583191,,12345
,,no_mask_repeat,none,474,E3_interaction,,,,Body,54856,none,0.31549128890037537,0.33712953329086304,coco_polygon,0.31865845641015766,,12345
,,no_mask_repeat,none,716,E3_interaction,,,,Body,63805,none,0.14299330115318298,0.31800413131713867,coco_polygon,-0.03793231750828638,,12345
,,no_mask_repeat,none,816,E3_interaction,,,,Body,110182,none,0.22590260207653046,0.5757942199707031,coco_polygon,-0.044773705304171824,,12345
,,no_mask_repeat,none,847,E3_interaction,,,,Body,48302,none,0.21237070858478546,0.28989142179489136,coco_polygon,-0.16421297722140404,,12345
,,no_mask_repeat,none,931,E3_interaction,,,,Body,70051,none,0.7150506377220154,0.4143545627593994,coco_bbox_fallback_for_rle,0.12219611992884447,,12345
,,no_mask_repeat,none,941,E3_interaction,,,,Body,51802,none,0.19369202852249146,0.31357982754707336,coco_polygon,-0.035052037460863016,,12345
0.5124688148498535,0.17151810228824615,mask_Body_mean,target_roi,132,E3_interaction,,,,Scene,173828,Body,,,coco_polygon,,1.0,12345
0.7149448394775391,0.09893378615379333,mask_Body_mean,target_roi,199,E3_interaction,,,,Scene,180625,Body,,,coco_polygon,,1.0,12345
0.6664892435073853,0.16842739284038544,mask_Body_mean,target_roi,214,E3_interaction,,,,Scene,180625,Body,,,coco_polygon,,1.0,12345
0.7165939211845398,0.08291968703269958,mask_Body_mean,target_roi,303,E3_interaction,,,,Scene,180625,Body,,,coco_polygon,,1.0,12345
0.6718124747276306,0.1018582135438919,mask_Body_mean,target_roi,486,E3_interaction,,,,Scene,180625,Body,,,coco_polygon,,0.0,12345
0.7596122622489929,0.05845601111650467,mask_Body_mean,target_roi,545,E3_interaction,,,,Scene,180625,Body,,,coco_polygon,,1.0,12345
0.8077807426452637,0.5675342679023743,mask_Body_mean,target_roi,640,E3_interaction,,,,Scene,180625,Body,,,coco_polygon,,0.0,12345
0.6864842176437378,0.09543763846158981,mask_Body_mean,target_roi,842,E3_interaction,,,,Scene,180625,Body,,,coco_polygon,,1.0,12345
0.5423938035964966,0.09850042313337326,mask_Body_mean,target_roi,893,E3_interaction,,,,Scene,180625,Body,,,coco_polygon,,0.0,12345
0.5936105251312256,0.0007296744734048843,mask_Body_mean,target_roi,999,E3_interaction,,,,Scene,180625,Body,,,coco_polygon,,1.0,12345
0.5144931077957153,0.2134619653224945,mask_Body_pure_random_01_mean,pure_matched_random,132,E3_interaction,,,,Scene,173828,Body,,,coco_polygon,,1.0,12345
0.5670162439346313,0.155154287815094,mask_Body_pure_random_01_mean,pure_matched_random,199,E3_interaction,,,,Scene,180625,Body,,,coco_polygon,,1.0,12345
0.8154469132423401,0.08005519211292267,mask_Body_pure_random_01_mean,pure_matched_random,214,E3_interaction,,,,Scene,180625,Body,,,coco_polygon,,1.0,12345
0.623895525932312,0.06634838134050369,mask_Body_pure_random_01_mean,pure_matched_random,303,E3_interaction,,,,Scene,180625,Body,,,coco_polygon,,1.0,12345
0.6589986681938171,0.15538953244686127,mask_Body_pure_random_01_mean,pure_matched_random,486,E3_interaction,,,,Scene,180625,Body,,,coco_polygon,,0.0,12345
0.7093703746795654,-0.009964916855096817,mask_Body_pure_random_01_mean,pure_matched_random,545,E3_interaction,,,,Scene,180625,Body,,,coco_polygon,,1.0,12345
0.8146157264709473,0.6349809169769287,mask_Body_pure_random_01_mean,pure_matched_random,640,E3_interaction,,,,Scene,180625,Body,,,coco_polygon,,0.0,12345
0.6972901821136475,0.07485403120517731,mask_Body_pure_random_01_mean,pure_matched_random,842,E3_interaction,,,,Scene,180625,Body,,,coco_polygon,,1.0,12345
0.5422317981719971,0.09258465468883514,mask_Body_pure_random_01_mean,pure_matched_random,893,E3_interaction,,,,Scene,180625,Body,,,coco_polygon,,0.0,12345
0.681332528591156,0.023989442735910416,mask_Body_pure_random_01_mean,pure_matched_random,999,E3_interaction,,,,Scene,180625,Body,,,coco_polygon,,1.0,12345
0.5077113509178162,0.20575523376464844,mask_Body_pure_random_02_mean,pure_matched_random,132,E3_interaction,,,,Scene,173828,Body,,,coco_polygon,,1.0,12345
0.6430940628051758,0.12988799810409546,mask_Body_pure_random_02_mean,pure_matched_random,199,E3_interaction,,,,Scene,180625,Body,,,coco_polygon,,1.0,12345
0.8177255392074585,0.19614464044570923,mask_Body_pure_random_02_mean,pure_matched_random,214,E3_interaction,,,,Scene,180625,Body,,,coco_polygon,,1.0,12345
0.6066250801086426,0.0592031255364418,mask_Body_pure_random_02_mean,pure_matched_random,303,E3_interaction,,,,Scene,180625,Body,,,coco_polygon,,1.0,12345
0.6298457384109497,0.16737580299377441,mask_Body_pure_random_02_mean,pure_matched_random,486,E3_interaction,,,,Scene,180625,Body,,,coco_polygon,,0.0,12345
0.7199214696884155,0.01954416185617447,mask_Body_pure_random_02_mean,pure_matched_random,545,E3_interaction,,,,Scene,180625,Body,,,coco_polygon,,1.0,12345
0.8185977339744568,0.6631574034690857,mask_Body_pure_random_02_mean,pure_matched_random,640,E3_interaction,,,,Scene,180625,Body,,,coco_polygon,,0.0,12345
0.6978723406791687,0.07189853489398956,mask_Body_pure_random_02_mean,pure_matched_random,842,E3_interaction,,,,Scene,180625,Body,,,coco_polygon,,1.0,12345
0.5392090678215027,0.08768068253993988,mask_Body_pure_random_02_mean,pure_matched_random,893,E3_interaction,,,,Scene,180625,Body,,,coco_polygon,,0.0,12345
0.6725589036941528,0.04091987758874893,mask_Body_pure_random_02_mean,pure_matched_random,999,E3_interaction,,,,Scene,180625,Body,,,coco_polygon,,1.0,12345
0.511612057685852,0.20623797178268433,mask_Body_pure_random_03_mean,pure_matched_random,132,E3_interaction,,,,Scene,173828,Body,,,coco_polygon,,1.0,12345
0.6716129779815674,0.12070278823375702,mask_Body_pure_random_03_mean,pure_matched_random,199,E3_interaction,,,,Scene,180625,Body,,,coco_polygon,,1.0,12345
0.8032890558242798,0.1660863161087036,mask_Body_pure_random_03_mean,pure_matched_random,214,E3_interaction,,,,Scene,180625,Body,,,coco_polygon,,1.0,12345
0.6552930474281311,0.08236933499574661,mask_Body_pure_random_03_mean,pure_matched_random,303,E3_interaction,,,,Scene,180625,Body,,,coco_polygon,,1.0,12345
0.6340159773826599,0.17756716907024384,mask_Body_pure_random_03_mean,pure_matched_random,486,E3_interaction,,,,Scene,180625,Body,,,coco_polygon,,0.0,12345
0.7311459183692932,0.021976172924041748,mask_Body_pure_random_03_mean,pure_matched_random,545,E3_interaction,,,,Scene,180625,Body,,,coco_polygon,,1.0,12345
0.7973005175590515,0.6571621298789978,mask_Body_pure_random_03_mean,pure_matched_random,640,E3_interaction,,,,Scene,180625,Body,,,coco_polygon,,0.0,12345
0.6891544461250305,0.06426376849412918,mask_Body_pure_random_03_mean,pure_matched_random,842,E3_interaction,,,,Scene,180625,Body,,,coco_polygon,,1.0,12345
0.5434277057647705,0.0876828283071518,mask_Body_pure_random_03_mean,pure_matched_random,893,E3_interaction,,,,Scene,180625,Body,,,coco_polygon,,0.0,12345
0.6745533347129822,0.028672322630882263,mask_Body_pure_random_03_mean,pure_matched_random,999,E3_interaction,,,,Scene,180625,Body,,,coco_polygon,,1.0,12345
0.5167734622955322,0.19440491497516632,mask_Body_pure_random_04_mean,pure_matched_random,132,E3_interaction,,,,Scene,173828,Body,,,coco_polygon,,1.0,12345
0.6102783679962158,0.1388113796710968,mask_Body_pure_random_04_mean,pure_matched_random,199,E3_interaction,,,,Scene,180625,Body,,,coco_polygon,,1.0,12345
0.8118276596069336,0.16459345817565918,mask_Body_pure_random_04_mean,pure_matched_random,214,E3_interaction,,,,Scene,180625,Body,,,coco_polygon,,1.0,12345
0.6411669850349426,0.07831572741270065,mask_Body_pure_random_04_mean,pure_matched_random,303,E3_interaction,,,,Scene,180625,Body,,,coco_polygon,,1.0,12345
0.5190940499305725,0.02775082178413868,mask_Body_pure_random_04_mean,pure_matched_random,486,E3_interaction,,,,Scene,180625,Body,,,coco_polygon,,0.0,12345
0.7327802777290344,0.11452127993106842,mask_Body_pure_random_04_mean,pure_matched_random,545,E3_interaction,,,,Scene,180625,Body,,,coco_polygon,,1.0,12345
0.8054675459861755,0.6492911577224731,mask_Body_pure_random_04_mean,pure_matched_random,640,E3_interaction,,,,Scene,180625,Body,,,coco_polygon,,0.0,12345
0.7324120998382568,0.031097035855054855,mask_Body_pure_random_04_mean,pure_matched_random,842,E3_interaction,,,,Scene,180625,Body,,,coco_polygon,,1.0,12345
0.5230993628501892,0.06893153488636017,mask_Body_pure_random_04_mean,pure_matched_random,893,E3_interaction,,,,Scene,180625,Body,,,coco_polygon,,0.0,12345
0.639610767364502,-0.0093106459826231,mask_Body_pure_random_04_mean,pure_matched_random,999,E3_interaction,,,,Scene,180625,Body,,,coco_polygon,,1.0,12345
0.5140486359596252,0.20954224467277527,mask_Body_pure_random_05_mean,pure_matched_random,132,E3_interaction,,,,Scene,173828,Body,,,coco_polygon,,1.0,12345
0.6406283974647522,0.14349326491355896,mask_Body_pure_random_05_mean,pure_matched_random,199,E3_interaction,,,,Scene,180625,Body,,,coco_polygon,,1.0,12345
0.783475399017334,0.13806681334972382,mask_Body_pure_random_05_mean,pure_matched_random,214,E3_interaction,,,,Scene,180625,Body,,,coco_polygon,,1.0,12345
0.6055062413215637,0.039392128586769104,mask_Body_pure_random_05_mean,pure_matched_random,303,E3_interaction,,,,Scene,180625,Body,,,coco_polygon,,1.0,12345
0.6123616099357605,0.15902210772037506,mask_Body_pure_random_05_mean,pure_matched_random,486,E3_interaction,,,,Scene,180625,Body,,,coco_polygon,,0.0,12345
0.711702823638916,0.019133733585476875,mask_Body_pure_random_05_mean,pure_matched_random,545,E3_interaction,,,,Scene,180625,Body,,,coco_polygon,,1.0,12345
0.8140706419944763,0.6639761924743652,mask_Body_pure_random_05_mean,pure_matched_random,640,E3_interaction,,,,Scene,180625,Body,,,coco_polygon,,0.0,12345
0.7309385538101196,0.0692242681980133,mask_Body_pure_random_05_mean,pure_matched_random,842,E3_interaction,,,,Scene,180625,Body,,,coco_polygon,,1.0,12345
0.5325945615768433,0.09141489118337631,mask_Body_pure_random_05_mean,pure_matched_random,893,E3_interaction,,,,Scene,180625,Body,,,coco_polygon,,0.0,12345
0.6726065278053284,0.034750521183013916,mask_Body_pure_random_05_mean,pure_matched_random,999,E3_interaction,,,,Scene,180625,Body,,,coco_polygon,,1.0,12345
0.550247073173523,0.19937755167484283,mask_Face_mean,target_roi,132,E3_interaction,,,,Scene,173828,Face,,,coco_polygon,,1.0,12345
0.6089638471603394,0.0888395756483078,mask_Face_mean,target_roi,199,E3_interaction,,,,Scene,180625,Face,,,coco_polygon,,1.0,12345
0.7764431834220886,0.25014233589172363,mask_Face_mean,target_roi,214,E3_interaction,,,,Scene,180625,Face,,,coco_polygon,,1.0,12345
0.6896489262580872,0.06710798293352127,mask_Face_mean,target_roi,303,E3_interaction,,,,Scene,180625,Face,,,coco_polygon,,1.0,12345
0.6050325632095337,0.1834828108549118,mask_Face_mean,target_roi,486,E3_interaction,,,,Scene,180625,Face,,,coco_polygon,,0.0,12345
0.714238166809082,0.06100551784038544,mask_Face_mean,target_roi,545,E3_interaction,,,,Scene,180625,Face,,,coco_polygon,,1.0,12345
0.7936733961105347,0.6424398422241211,mask_Face_mean,target_roi,640,E3_interaction,,,,Scene,180625,Face,,,coco_polygon,,0.0,12345
0.7025068998336792,0.040321581065654755,mask_Face_mean,target_roi,842,E3_interaction,,,,Scene,180625,Face,,,coco_polygon,,1.0,12345
0.5153053402900696,0.09151076525449753,mask_Face_mean,target_roi,893,E3_interaction,,,,Scene,180625,Face,,,coco_polygon,,0.0,12345
0.6912159323692322,0.01660316064953804,mask_Face_mean,target_roi,999,E3_interaction,,,,Scene,180625,Face,,,coco_polygon,,1.0,12345
0.6130682826042175,0.18242937326431274,mask_Face_pure_random_01_mean,pure_matched_random,132,E3_interaction,,,,Scene,173828,Face,,,coco_polygon,,1.0,12345
0.6429768800735474,0.13972587883472443,mask_Face_pure_random_01_mean,pure_matched_random,199,E3_interaction,,,,Scene,180625,Face,,,coco_polygon,,1.0,12345
0.863544762134552,0.19639062881469727,mask_Face_pure_random_01_mean,pure_matched_random,214,E3_interaction,,,,Scene,180625,Face,,,coco_polygon,,1.0,12345
0.6203963160514832,0.06718531250953674,mask_Face_pure_random_01_mean,pure_matched_random,303,E3_interaction,,,,Scene,180625,Face,,,coco_polygon,,1.0,12345
0.6332075595855713,0.14555251598358154,mask_Face_pure_random_01_mean,pure_matched_random,486,E3_interaction,,,,Scene,180625,Face,,,coco_polygon,,0.0,12345
0.7289109826087952,0.04357407987117767,mask_Face_pure_random_01_mean,pure_matched_random,545,E3_interaction,,,,Scene,180625,Face,,,coco_polygon,,1.0,12345
0.8101094365119934,0.647566020488739,mask_Face_pure_random_01_mean,pure_matched_random,640,E3_interaction,,,,Scene,180625,Face,,,coco_polygon,,0.0,12345
0.7047050595283508,0.0731692686676979,mask_Face_pure_random_01_mean,pure_matched_random,842,E3_interaction,,,,Scene,180625,Face,,,coco_polygon,,1.0,12345
0.44971123337745667,0.04421215131878853,mask_Face_pure_random_01_mean,pure_matched_random,893,E3_interaction,,,,Scene,180625,Face,,,coco_polygon,,0.0,12345
0.6682085394859314,0.017304837703704834,mask_Face_pure_random_01_mean,pure_matched_random,999,E3_interaction,,,,Scene,180625,Face,,,coco_polygon,,1.0,12345
0.5292074680328369,0.21640296280384064,mask_Face_pure_random_02_mean,pure_matched_random,132,E3_interaction,,,,Scene,173828,Face,,,coco_polygon,,1.0,12345
0.6295244693756104,0.11194635927677155,mask_Face_pure_random_02_mean,pure_matched_random,199,E3_interaction,,,,Scene,180625,Face,,,coco_polygon,,1.0,12345
0.8252111077308655,0.17453046143054962,mask_Face_pure_random_02_mean,pure_matched_random,214,E3_interaction,,,,Scene,180625,Face,,,coco_polygon,,1.0,12345
0.6240056157112122,0.06555621325969696,mask_Face_pure_random_02_mean,pure_matched_random,303,E3_interaction,,,,Scene,180625,Face,,,coco_polygon,,1.0,12345
0.6063220500946045,0.16247811913490295,mask_Face_pure_random_02_mean,pure_matched_random,486,E3_interaction,,,,Scene,180625,Face,,,coco_polygon,,0.0,12345
0.7076325416564941,0.036601822823286057,mask_Face_pure_random_02_mean,pure_matched_random,545,E3_interaction,,,,Scene,180625,Face,,,coco_polygon,,1.0,12345
0.834852933883667,0.6399277448654175,mask_Face_pure_random_02_mean,pure_matched_random,640,E3_interaction,,,,Scene,180625,Face,,,coco_polygon,,0.0,12345
0.7026175260543823,0.06947308033704758,mask_Face_pure_random_02_mean,pure_matched_random,842,E3_interaction,,,,Scene,180625,Face,,,coco_polygon,,1.0,12345
0.5482265949249268,0.0775165930390358,mask_Face_pure_random_02_mean,pure_matched_random,893,E3_interaction,,,,Scene,180625,Face,,,coco_polygon,,0.0,12345
0.6681554317474365,0.01919589936733246,mask_Face_pure_random_02_mean,pure_matched_random,999,E3_interaction,,,,Scene,180625,Face,,,coco_polygon,,1.0,12345
0.5719762444496155,0.17510756850242615,mask_Face_pure_random_03_mean,pure_matched_random,132,E3_interaction,,,,Scene,173828,Face,,,coco_polygon,,1.0,12345
0.6811834573745728,0.1959044635295868,mask_Face_pure_random_03_mean,pure_matched_random,199,E3_interaction,,,,Scene,180625,Face,,,coco_polygon,,1.0,12345
0.6154482960700989,-0.008487666957080364,mask_Face_pure_random_03_mean,pure_matched_random,214,E3_interaction,,,,Scene,180625,Face,,,coco_polygon,,1.0,12345
0.7548507452011108,0.0768824964761734,mask_Face_pure_random_03_mean,pure_matched_random,303,E3_interaction,,,,Scene,180625,Face,,,coco_polygon,,1.0,12345
0.6628172397613525,0.1294139325618744,mask_Face_pure_random_03_mean,pure_matched_random,486,E3_interaction,,,,Scene,180625,Face,,,coco_polygon,,0.0,12345
0.7010452747344971,0.13407033681869507,mask_Face_pure_random_03_mean,pure_matched_random,545,E3_interaction,,,,Scene,180625,Face,,,coco_polygon,,1.0,12345
0.7881416082382202,0.5323670506477356,mask_Face_pure_random_03_mean,pure_matched_random,640,E3_interaction,,,,Scene,180625,Face,,,coco_polygon,,0.0,12345
0.6550726890563965,0.0060591865330934525,mask_Face_pure_random_03_mean,pure_matched_random,842,E3_interaction,,,,Scene,180625,Face,,,coco_polygon,,1.0,12345
0.589417576789856,0.11407963931560516,mask_Face_pure_random_03_mean,pure_matched_random,893,E3_interaction,,,,Scene,180625,Face,,,coco_polygon,,0.0,12345
0.6290538311004639,0.00654627475887537,mask_Face_pure_random_03_mean,pure_matched_random,999,E3_interaction,,,,Scene,180625,Face,,,coco_polygon,,1.0,12345
0.5184305906295776,0.1487225890159607,mask_Face_pure_random_04_mean,pure_matched_random,132,E3_interaction,,,,Scene,173828,Face,,,coco_polygon,,1.0,12345
0.6343313455581665,0.1511010080575943,mask_Face_pure_random_04_mean,pure_matched_random,199,E3_interaction,,,,Scene,180625,Face,,,coco_polygon,,1.0,12345
0.7671688795089722,0.1772661656141281,mask_Face_pure_random_04_mean,pure_matched_random,214,E3_interaction,,,,Scene,180625,Face,,,coco_polygon,,1.0,12345
0.6204472780227661,0.059769198298454285,mask_Face_pure_random_04_mean,pure_matched_random,303,E3_interaction,,,,Scene,180625,Face,,,coco_polygon,,1.0,12345
0.6261695623397827,0.15824323892593384,mask_Face_pure_random_04_mean,pure_matched_random,486,E3_interaction,,,,Scene,180625,Face,,,coco_polygon,,0.0,12345
0.6867794990539551,0.0518689900636673,mask_Face_pure_random_04_mean,pure_matched_random,545,E3_interaction,,,,Scene,180625,Face,,,coco_polygon,,1.0,12345
0.8190505504608154,0.6491336226463318,mask_Face_pure_random_04_mean,pure_matched_random,640,E3_interaction,,,,Scene,180625,Face,,,coco_polygon,,0.0,12345
0.7087043523788452,0.05876968428492546,mask_Face_pure_random_04_mean,pure_matched_random,842,E3_interaction,,,,Scene,180625,Face,,,coco_polygon,,1.0,12345
0.5532817840576172,0.04238968342542648,mask_Face_pure_random_04_mean,pure_matched_random,893,E3_interaction,,,,Scene,180625,Face,,,coco_polygon,,0.0,12345
0.699229896068573,0.004024878144264221,mask_Face_pure_random_04_mean,pure_matched_random,999,E3_interaction,,,,Scene,180625,Face,,,coco_polygon,,1.0,12345
0.5804799795150757,0.18188297748565674,mask_Face_pure_random_05_mean,pure_matched_random,132,E3_interaction,,,,Scene,173828,Face,,,coco_polygon,,1.0,12345
0.6522790789604187,0.1745627373456955,mask_Face_pure_random_05_mean,pure_matched_random,199,E3_interaction,,,,Scene,180625,Face,,,coco_polygon,,1.0,12345
0.6405498385429382,0.00806309375911951,mask_Face_pure_random_05_mean,pure_matched_random,214,E3_interaction,,,,Scene,180625,Face,,,coco_polygon,,1.0,12345
0.735224723815918,0.03769543766975403,mask_Face_pure_random_05_mean,pure_matched_random,303,E3_interaction,,,,Scene,180625,Face,,,coco_polygon,,1.0,12345
0.6773396134376526,0.133329838514328,mask_Face_pure_random_05_mean,pure_matched_random,486,E3_interaction,,,,Scene,180625,Face,,,coco_polygon,,0.0,12345
0.7100350856781006,0.035239361226558685,mask_Face_pure_random_05_mean,pure_matched_random,545,E3_interaction,,,,Scene,180625,Face,,,coco_polygon,,1.0,12345
0.7891534566879272,0.5244892835617065,mask_Face_pure_random_05_mean,pure_matched_random,640,E3_interaction,,,,Scene,180625,Face,,,coco_polygon,,0.0,12345
0.6580236554145813,0.011959312483668327,mask_Face_pure_random_05_mean,pure_matched_random,842,E3_interaction,,,,Scene,180625,Face,,,coco_polygon,,1.0,12345
0.6183955669403076,0.11137557774782181,mask_Face_pure_random_05_mean,pure_matched_random,893,E3_interaction,,,,Scene,180625,Face,,,coco_polygon,,0.0,12345
0.6327295899391174,0.009501410648226738,mask_Face_pure_random_05_mean,pure_matched_random,999,E3_interaction,,,,Scene,180625,Face,,,coco_polygon,,1.0,12345
0.5177699327468872,0.19594578444957733,mask_Scene_mean,target_roi,132,E3_interaction,,,,Scene,173828,Scene,,,coco_polygon,,1.0,12345
0.6481634974479675,0.13588082790374756,mask_Scene_mean,target_roi,199,E3_interaction,,,,Scene,180625,Scene,,,coco_polygon,,1.0,12345
0.7276948690414429,0.12087717652320862,mask_Scene_mean,target_roi,214,E3_interaction,,,,Scene,180625,Scene,,,coco_polygon,,1.0,12345
0.6257253289222717,0.05957138538360596,mask_Scene_mean,target_roi,303,E3_interaction,,,,Scene,180625,Scene,,,coco_polygon,,1.0,12345
0.5359015464782715,0.07455917447805405,mask_Scene_mean,target_roi,486,E3_interaction,,,,Scene,180625,Scene,,,coco_polygon,,0.0,12345
0.6778945326805115,0.028947148472070694,mask_Scene_mean,target_roi,545,E3_interaction,,,,Scene,180625,Scene,,,coco_polygon,,1.0,12345
0.8490949273109436,0.6439964771270752,mask_Scene_mean,target_roi,640,E3_interaction,,,,Scene,180625,Scene,,,coco_polygon,,0.0,12345
0.6987105011940002,0.07043564319610596,mask_Scene_mean,target_roi,842,E3_interaction,,,,Scene,180625,Scene,,,coco_polygon,,1.0,12345
0.5245329737663269,0.11280085146427155,mask_Scene_mean,target_roi,893,E3_interaction,,,,Scene,180625,Scene,,,coco_polygon,,0.0,12345
0.6559444069862366,0.028422456234693527,mask_Scene_mean,target_roi,999,E3_interaction,,,,Scene,180625,Scene,,,coco_polygon,,1.0,12345
0.537341296672821,0.19774311780929565,mask_Scene_pure_random_01_mean,pure_matched_random,132,E3_interaction,,,,Scene,173828,Scene,,,coco_polygon,,1.0,12345
0.6301760673522949,0.13752232491970062,mask_Scene_pure_random_01_mean,pure_matched_random,199,E3_interaction,,,,Scene,180625,Scene,,,coco_polygon,,1.0,12345
0.8667454123497009,0.29012537002563477,mask_Scene_pure_random_01_mean,pure_matched_random,214,E3_interaction,,,,Scene,180625,Scene,,,coco_polygon,,1.0,12345
0.6192094087600708,0.06791634857654572,mask_Scene_pure_random_01_mean,pure_matched_random,303,E3_interaction,,,,Scene,180625,Scene,,,coco_polygon,,1.0,12345
0.518729031085968,0.03389981389045715,mask_Scene_pure_random_01_mean,pure_matched_random,486,E3_interaction,,,,Scene,180625,Scene,,,coco_polygon,,0.0,12345
0.7296772003173828,0.11031536757946014,mask_Scene_pure_random_01_mean,pure_matched_random,545,E3_interaction,,,,Scene,180625,Scene,,,coco_polygon,,1.0,12345
0.787526547908783,0.6287334561347961,mask_Scene_pure_random_01_mean,pure_matched_random,640,E3_interaction,,,,Scene,180625,Scene,,,coco_polygon,,0.0,12345
0.7351199984550476,0.043097399175167084,mask_Scene_pure_random_01_mean,pure_matched_random,842,E3_interaction,,,,Scene,180625,Scene,,,coco_polygon,,1.0,12345
0.5208631753921509,0.10193192213773727,mask_Scene_pure_random_01_mean,pure_matched_random,893,E3_interaction,,,,Scene,180625,Scene,,,coco_polygon,,0.0,12345
0.6447706818580627,-0.010020904242992401,mask_Scene_pure_random_01_mean,pure_matched_random,999,E3_interaction,,,,Scene,180625,Scene,,,coco_polygon,,1.0,12345
0.5287401080131531,0.19151878356933594,mask_Scene_pure_random_02_mean,pure_matched_random,132,E3_interaction,,,,Scene,173828,Scene,,,coco_polygon,,1.0,12345
0.5536403656005859,0.06487886607646942,mask_Scene_pure_random_02_mean,pure_matched_random,199,E3_interaction,,,,Scene,180625,Scene,,,coco_polygon,,0.0,12345
0.8603137135505676,0.1561034768819809,mask_Scene_pure_random_02_mean,pure_matched_random,214,E3_interaction,,,,Scene,180625,Scene,,,coco_polygon,,1.0,12345
0.6112856864929199,0.06317363679409027,mask_Scene_pure_random_02_mean,pure_matched_random,303,E3_interaction,,,,Scene,180625,Scene,,,coco_polygon,,1.0,12345
0.517412543296814,-0.0020914990454912186,mask_Scene_pure_random_02_mean,pure_matched_random,486,E3_interaction,,,,Scene,180625,Scene,,,coco_polygon,,0.0,12345
0.7388114929199219,0.13135965168476105,mask_Scene_pure_random_02_mean,pure_matched_random,545,E3_interaction,,,,Scene,180625,Scene,,,coco_polygon,,1.0,12345
0.8194359540939331,0.6546800136566162,mask_Scene_pure_random_02_mean,pure_matched_random,640,E3_interaction,,,,Scene,180625,Scene,,,coco_polygon,,0.0,12345
0.7188189625740051,0.012926996685564518,mask_Scene_pure_random_02_mean,pure_matched_random,842,E3_interaction,,,,Scene,180625,Scene,,,coco_polygon,,1.0,12345
0.5164397954940796,0.10728966444730759,mask_Scene_pure_random_02_mean,pure_matched_random,893,E3_interaction,,,,Scene,180625,Scene,,,coco_polygon,,0.0,12345
0.676237940788269,-0.007900024764239788,mask_Scene_pure_random_02_mean,pure_matched_random,999,E3_interaction,,,,Scene,180625,Scene,,,coco_polygon,,1.0,12345
0.5098061561584473,0.22757691144943237,mask_Scene_pure_random_03_mean,pure_matched_random,132,E3_interaction,,,,Scene,173828,Scene,,,coco_polygon,,1.0,12345
0.6535370945930481,0.18401072919368744,mask_Scene_pure_random_03_mean,pure_matched_random,199,E3_interaction,,,,Scene,180625,Scene,,,coco_polygon,,1.0,12345
0.8420608043670654,0.19791938364505768,mask_Scene_pure_random_03_mean,pure_matched_random,214,E3_interaction,,,,Scene,180625,Scene,,,coco_polygon,,1.0,12345
0.6914322376251221,0.06728386133909225,mask_Scene_pure_random_03_mean,pure_matched_random,303,E3_interaction,,,,Scene,180625,Scene,,,coco_polygon,,1.0,12345
0.6363275051116943,0.16894492506980896,mask_Scene_pure_random_03_mean,pure_matched_random,486,E3_interaction,,,,Scene,180625,Scene,,,coco_polygon,,0.0,12345
0.6597776412963867,0.07338301837444305,mask_Scene_pure_random_03_mean,pure_matched_random,545,E3_interaction,,,,Scene,180625,Scene,,,coco_polygon,,1.0,12345
0.7949044704437256,0.6357086896896362,mask_Scene_pure_random_03_mean,pure_matched_random,640,E3_interaction,,,,Scene,180625,Scene,,,coco_polygon,,0.0,12345
0.7029408812522888,0.07987339794635773,mask_Scene_pure_random_03_mean,pure_matched_random,842,E3_interaction,,,,Scene,180625,Scene,,,coco_polygon,,1.0,12345
0.531664252281189,0.09112799912691116,mask_Scene_pure_random_03_mean,pure_matched_random,893,E3_interaction,,,,Scene,180625,Scene,,,coco_polygon,,0.0,12345
0.6765732169151306,-0.001642134040594101,mask_Scene_pure_random_03_mean,pure_matched_random,999,E3_interaction,,,,Scene,180625,Scene,,,coco_polygon,,1.0,12345
0.5292007327079773,0.11038513481616974,mask_Scene_pure_random_04_mean,pure_matched_random,132,E3_interaction,,,,Scene,173828,Scene,,,coco_polygon,,1.0,12345
0.6636022329330444,0.17622870206832886,mask_Scene_pure_random_04_mean,pure_matched_random,199,E3_interaction,,,,Scene,180625,Scene,,,coco_polygon,,1.0,12345
0.7845777869224548,0.1866944283246994,mask_Scene_pure_random_04_mean,pure_matched_random,214,E3_interaction,,,,Scene,180625,Scene,,,coco_polygon,,1.0,12345
0.6519390940666199,0.04399405047297478,mask_Scene_pure_random_04_mean,pure_matched_random,303,E3_interaction,,,,Scene,180625,Scene,,,coco_polygon,,1.0,12345
0.6494454145431519,0.19255051016807556,mask_Scene_pure_random_04_mean,pure_matched_random,486,E3_interaction,,,,Scene,180625,Scene,,,coco_polygon,,0.0,12345
0.6517019867897034,0.088873490691185,mask_Scene_pure_random_04_mean,pure_matched_random,545,E3_interaction,,,,Scene,180625,Scene,,,coco_polygon,,1.0,12345
0.8049981594085693,0.6027736067771912,mask_Scene_pure_random_04_mean,pure_matched_random,640,E3_interaction,,,,Scene,180625,Scene,,,coco_polygon,,0.0,12345
0.6900631785392761,0.06639281660318375,mask_Scene_pure_random_04_mean,pure_matched_random,842,E3_interaction,,,,Scene,180625,Scene,,,coco_polygon,,1.0,12345
0.5874989628791809,0.07075628638267517,mask_Scene_pure_random_04_mean,pure_matched_random,893,E3_interaction,,,,Scene,180625,Scene,,,coco_polygon,,0.0,12345
0.6655827164649963,0.028513234108686447,mask_Scene_pure_random_04_mean,pure_matched_random,999,E3_interaction,,,,Scene,180625,Scene,,,coco_polygon,,1.0,12345
0.5277292728424072,0.15801210701465607,mask_Scene_pure_random_05_mean,pure_matched_random,132,E3_interaction,,,,Scene,173828,Scene,,,coco_polygon,,1.0,12345
0.6241719126701355,0.09941348433494568,mask_Scene_pure_random_05_mean,pure_matched_random,199,E3_interaction,,,,Scene,180625,Scene,,,coco_polygon,,1.0,12345
0.7476615905761719,0.08328955620527267,mask_Scene_pure_random_05_mean,pure_matched_random,214,E3_interaction,,,,Scene,180625,Scene,,,coco_polygon,,1.0,12345
0.6716200709342957,0.0908244252204895,mask_Scene_pure_random_05_mean,pure_matched_random,303,E3_interaction,,,,Scene,180625,Scene,,,coco_polygon,,1.0,12345
0.6635670065879822,0.14586053788661957,mask_Scene_pure_random_05_mean,pure_matched_random,486,E3_interaction,,,,Scene,180625,Scene,,,coco_polygon,,0.0,12345
0.6919787526130676,0.048627763986587524,mask_Scene_pure_random_05_mean,pure_matched_random,545,E3_interaction,,,,Scene,180625,Scene,,,coco_polygon,,1.0,12345
0.8261356353759766,0.6120980978012085,mask_Scene_pure_random_05_mean,pure_matched_random,640,E3_interaction,,,,Scene,180625,Scene,,,coco_polygon,,0.0,12345
0.6868370771408081,0.09708118438720703,mask_Scene_pure_random_05_mean,pure_matched_random,842,E3_interaction,,,,Scene,180625,Scene,,,coco_polygon,,1.0,12345
0.5126190185546875,0.07887279987335205,mask_Scene_pure_random_05_mean,pure_matched_random,893,E3_interaction,,,,Scene,180625,Scene,,,coco_polygon,,0.0,12345
0.6330452561378479,0.027856919914484024,mask_Scene_pure_random_05_mean,pure_matched_random,999,E3_interaction,,,,Scene,180625,Scene,,,coco_polygon,,1.0,12345
0.5089651942253113,0.21401779353618622,no_mask,none,132,E3_interaction,,,,Scene,173828,none,,,coco_polygon,,1.0,12345
0.646779477596283,0.1339290887117386,no_mask,none,199,E3_interaction,,,,Scene,180625,none,,,coco_polygon,,1.0,12345
0.7897874116897583,0.15435479581356049,no_mask,none,214,E3_interaction,,,,Scene,180625,none,,,coco_polygon,,1.0,12345
0.6187888383865356,0.06225881725549698,no_mask,none,303,E3_interaction,,,,Scene,180625,none,,,coco_polygon,,1.0,12345
0.626547634601593,0.17104199528694153,no_mask,none,486,E3_interaction,,,,Scene,180625,none,,,coco_polygon,,0.0,12345
0.7139410972595215,-0.014000646770000458,no_mask,none,545,E3_interaction,,,,Scene,180625,none,,,coco_polygon,,1.0,12345
0.8197050094604492,0.6440849304199219,no_mask,none,640,E3_interaction,,,,Scene,180625,none,,,coco_polygon,,0.0,12345
0.6995592713356018,0.07228434085845947,no_mask,none,842,E3_interaction,,,,Scene,180625,none,,,coco_polygon,,1.0,12345
0.5361815094947815,0.09187387675046921,no_mask,none,893,E3_interaction,,,,Scene,180625,none,,,coco_polygon,,0.0,12345
0.6646041870117188,0.030521240085363388,no_mask,none,999,E3_interaction,,,,Scene,180625,none,,,coco_polygon,,1.0,12345
0.5089651942253113,0.21401779353618622,no_mask_repeat,none,132,E3_interaction,,,,Scene,173828,none,,,coco_polygon,,1.0,12345
0.646779477596283,0.1339290887117386,no_mask_repeat,none,199,E3_interaction,,,,Scene,180625,none,,,coco_polygon,,1.0,12345
0.7897874116897583,0.15435479581356049,no_mask_repeat,none,214,E3_interaction,,,,Scene,180625,none,,,coco_polygon,,1.0,12345
0.6187888383865356,0.06225881725549698,no_mask_repeat,none,303,E3_interaction,,,,Scene,180625,none,,,coco_polygon,,1.0,12345
0.626547634601593,0.17104199528694153,no_mask_repeat,none,486,E3_interaction,,,,Scene,180625,none,,,coco_polygon,,0.0,12345
0.7139410972595215,-0.014000646770000458,no_mask_repeat,none,545,E3_interaction,,,,Scene,180625,none,,,coco_polygon,,1.0,12345
0.8197050094604492,0.6440849304199219,no_mask_repeat,none,640,E3_interaction,,,,Scene,180625,none,,,coco_polygon,,0.0,12345
0.6995592713356018,0.07228434085845947,no_mask_repeat,none,842,E3_interaction,,,,Scene,180625,none,,,coco_polygon,,1.0,12345
0.5361815094947815,0.09187387675046921,no_mask_repeat,none,893,E3_interaction,,,,Scene,180625,none,,,coco_polygon,,0.0,12345
0.6646041870117188,0.030521240085363388,no_mask_repeat,none,999,E3_interaction,,,,Scene,180625,none,,,coco_polygon,,1.0,12345
