analysis_status,bh_q_e3b,ci95,image_category,masked_roi,metric,metric_family,num_images,sign_flip_p,target_minus_pure_random
formal,0.09915675099156751,"[-0.013882221371928849, -0.0020188211560249335]",Body,Body,clip,global,50,0.0112988701129887,-0.007836557368437448
formal,0.9011055416197511,"[-0.009231425948735947, 0.006403967301764835]",Body,Body,dino,global,50,0.7653234676532347,-0.0011895788684487343
formal,0.29900235782873325,"[-0.00027631449898084, 0.003344061710437138]",Body,Body,lpips,global,50,0.1136886311368863,0.001502851963043213
formal,0.470407504704075,"[-0.0029220813389557107, 0.012468066238363579]",Body,Body,person_dino,local,50,0.22997700229977003,0.0048480130794147655
formal,0.15223477652234776,"[0.0003749269117911657, 0.003077482950190702]",Body,Body,person_lpips,local,50,0.0202979702029797,0.0016656464934349058
formal,0.27209043801502203,"[-0.0005326024864513266, 0.0073951525257704535]",Body,Body,person_region_consistency,local,50,0.0988901109889011,0.003535018657709119
formal,0.24966253374662536,"[-0.00024854852493631004, 0.010132365064362329]",Body,Body,pixel_corr,global,50,0.0756924307569243,0.004890035778253304
formal,0.8560584619504152,"[-0.0021651556404697035, 0.0033438345902658574]",Body,Body,ssim,global,50,0.6712328767123288,0.0006257816710908494
formal,0.4118159612610167,"[-0.002479941054681937, 0.016011781447132428]",Body,Body+Scene,clip,global,50,0.18948105189481051,0.006438123285770417
formal,0.134986501349865,"[0.0029811885624464315, 0.033853107407875345]",Body,Body+Scene,dino,global,50,0.0197980201979802,0.017461451958088823
formal,0.6407692564076927,"[-0.002103891793886821, 0.005958029017845788]",Body,Body+Scene,lpips,global,50,0.38446155384461556,0.001815299908320109
formal,0.27209043801502203,"[-0.0010987046897954606, 0.020775490616774188]",Body,Body+Scene,person_dino,local,50,0.08049195080491951,0.009948339487425984
formal,0.9754605934755363,"[-0.0020434365630149836, 0.001871352298557758]",Body,Body+Scene,person_lpips,local,50,0.9307069293070693,-8.672231435775734e-05
formal,0.45145485451454853,"[-0.002532657831657487, 0.012883913050203298]",Body,Body+Scene,person_region_consistency,local,50,0.2106789321067893,0.005133716015642358
formal,0.054369563043695626,"[0.0037102818026036716, 0.018425005809937497]",Body,Body+Scene,pixel_corr,global,50,0.0028997100289971,0.010373410766866266
formal,0.29900235782873325,"[-0.0005498780704386365, 0.0068710605084901]",Body,Body+Scene,ssim,global,50,0.11878812118788121,0.003071985473671456
formal,0.017498250174982504,"[-0.020678485330939293, -0.006615544518828392]",Body,Face+Body,clip,global,50,0.00029997000299970003,-0.013263809442520145
formal,0.07284985787135571,"[-0.02587956840755263, -0.004982929783849983]",Body,Face+Body,dino,global,50,0.006799320067993201,-0.014861441731142502
formal,0.5097567166360287,"[-0.005519103095928828, 0.001611810316642125]",Body,Face+Body,lpips,global,50,0.26507349265073493,-0.002010061105092366
formal,0.27209043801502203,"[-0.016702091636974364, 0.0009411677663524778]",Body,Face+Body,person_dino,local,50,0.10108989101089891,-0.007804334166149298
formal,0.817466640432731,"[-0.0011401821513970691, 0.002216694003840287]",Body,Face+Body,person_lpips,local,50,0.5631436856314369,0.0004964266618092855
formal,0.9856014398560143,"[-0.004820832679977983, 0.004535891597813705]",Body,Face+Body,person_region_consistency,local,50,0.9856014398560144,-5.2247401629151936e-05
formal,0.9669033096690332,"[-0.006703198979767234, 0.006283378775947798]",Body,Face+Body,pixel_corr,global,50,0.9669033096690332,0.00014517340539160225
formal,0.8822504846289564,"[-0.0032880695853475745, 0.002211543868775887]",Body,Face+Body,ssim,global,50,0.7163283671632836,-0.000525277051703418
formal,0.9011055416197511,"[-0.007238342392444609, 0.00995286539296309]",Body,Face+Body+Scene,clip,global,50,0.8018198180181981,0.0011413185199101769
formal,0.1724827517248275,"[0.002087405796473225, 0.02529882019772194]",Body,Face+Body+Scene,dino,global,50,0.03189681031896811,0.013279388578608633
formal,0.9669033096690332,"[-0.003965643797318142, 0.00364373817841212]",Body,Face+Body+Scene,lpips,global,50,0.9565043495650435,-0.00010338823000589987
formal,0.27209043801502203,"[-0.0014186378565927344, 0.01868386230136578]",Body,Face+Body+Scene,person_dino,local,50,0.10278972102789721,0.008775457980732124
formal,0.9284466290213084,"[-0.002134939060608546, 0.0015306177829702687]",Body,Face+Body+Scene,person_lpips,local,50,0.784021597840216,-0.0002627280751864114
formal,0.5868978319559348,"[-0.003482298050524151, 0.012787500670934841]",Body,Face+Body+Scene,person_region_consistency,local,50,0.2999700029997,0.004449544155157422
formal,0.24966253374662536,"[0.0002660454654416825, 0.017906584860951143]",Body,Face+Body+Scene,pixel_corr,global,50,0.0648935106489351,0.008552262922358597
formal,0.9011055416197511,"[-0.003672232763271269, 0.004771554469331974]",Body,Face+Body+Scene,ssim,global,50,0.8208179182081792,0.0004926457827004455
formal,0.017498250174982504,"[0.006114291962981223, 0.02217876633107662]",Body,Face+Scene,clip,global,50,0.0006999300069993001,0.01351128129164378
formal,0.19732401759824017,"[0.0017324508634783949, 0.03328892056471667]",Body,Face+Scene,dino,global,50,0.0420957904209579,0.015665791373389464
formal,0.940179954607279,"[-0.0032223592440287266, 0.003688566754261653]",Body,Face+Scene,lpips,global,50,0.9151084891510849,0.00019773952166239432
formal,0.16069821589269642,"[0.001693725825535755, 0.020325382856031245]",Body,Face+Scene,person_dino,local,50,0.024997500249975,0.010861875901619595
formal,0.9754605934755363,"[-0.0018336251432696977, 0.0015395509998003627]",Body,Face+Scene,person_lpips,local,50,0.8705129487051295,-0.00014619727929433168
formal,0.7637986201379862,"[-0.008182611798303253, 0.003731785775579674]",Body,Face+Scene,person_region_consistency,local,50,0.45885411458854114,-0.002288080845291736
formal,0.28317168283171684,"[-0.00019581997244226464, 0.013420491075230315]",Body,Face+Scene,pixel_corr,global,50,0.0943905609439056,0.005731532438353457
formal,0.29900235782873325,"[-0.0003875184469931861, 0.004403512734405435]",Body,Face+Scene,ssim,global,50,0.11838816118388161,0.0019591076782459606
formal,0.8560584619504152,"[-0.011613597834969427, 0.00821295001552448]",Face,Body+Scene,clip,global,37,0.6634336566343366,-0.002211474808486733
formal,0.7422695230476952,"[-0.008141844341015395, 0.01769801027151999]",Face,Body+Scene,dino,global,37,0.46835316468353166,0.004920298830178138
formal,0.9663649019713413,"[-0.061261261261261246, 0.07747747747747748]",Face,Body+Scene,face_detection_success,local,37,0.8375162483751625,0.009009009009009004
formal,0.817466640432731,"[-0.019026386417733795, 0.011604466832763104]",Face,Body+Scene,face_dino,local,37,0.5598440155984401,-0.004899237781494586
formal,0.13161183881611838,"[0.002353171190700015, 0.01417723973592122]",Face,Body+Scene,face_lpips,local,37,0.0115988401159884,0.00785243049398199
formal,0.5213853614638536,"[-0.0012789965293428921, 0.005740840706202359]",Face,Body+Scene,lpips,global,37,0.2780721927807219,0.0020343025525410966
formal,0.6407692564076927,"[-0.010974081676038017, 0.0034787901464228654]",Face,Body+Scene,pixel_corr,global,37,0.3825617438256174,-0.003384712386416423
formal,0.13811118888111187,"[-0.008530336275966648, -0.0007985087498499884]",Face,Body+Scene,ssim,global,37,0.022097790220977902,-0.004211103558235479
formal,0.9011055416197511,"[-0.006836819325884184, 0.010325335180974223]",Face,Face,clip,global,37,0.7936206379362064,0.001232019764883024
formal,0.8560584619504152,"[-0.01078103299193957, 0.006545129987906224]",Face,Face,dino,global,37,0.6481351864813518,-0.0020623876377604566
formal,0.6314368563143685,"[-0.028828828828828822, 0.0954954954954955]",Face,Face,face_detection_success,local,37,0.3367663233676632,0.032432432432432434
formal,0.74848284402329,"[-0.011364037014527229, 0.004739438653818691]",Face,Face,face_dino,local,37,0.43245675432456754,-0.0033255631397771934
formal,0.27209043801502203,"[-8.529214171675981e-05, 0.00934513435438946]",Face,Face,face_lpips,local,37,0.09169083091690831,0.004007797090856878
formal,0.8560584619504152,"[-0.0017172422119089074, 0.0010421962270865555]",Face,Face,lpips,global,37,0.6734326567343266,-0.00030643768138713677
formal,0.09915675099156751,"[0.0009572019170392614, 0.006450695927802501]",Face,Face,pixel_corr,global,37,0.011898810118988102,0.003424229095763537
formal,0.4445388794453888,"[-0.0004557708169560919, 0.002205487981974676]",Face,Face,ssim,global,37,0.21337866213378662,0.0008676594990036548
formal,0.599761452426186,"[-0.013938263050607731, 0.004742296769006833]",Face,Face+Body,clip,global,37,0.33586641335866413,-0.004790411312300879
formal,0.6407692564076927,"[-0.004551588828415351, 0.012369198430044286]",Face,Face+Body,dino,global,37,0.36766323367663234,0.0039518669583238995
formal,0.9754605934755363,"[-0.05405405405405406, 0.06486486486486487]",Face,Face+Body,face_detection_success,local,37,0.9083091690830917,0.003603603603603605
formal,0.9284466290213084,"[-0.011664526068924314, 0.01762923070854666]",Face,Face+Body,face_dino,local,37,0.7807219278072193,0.0021472258090570167
formal,0.3883822144101379,"[-0.0015730230335716726, 0.011029843199360475]",Face,Face+Body,face_lpips,local,37,0.16398360163983602,0.004587313183793076
formal,0.9011055416197511,"[-0.00390925287931889, 0.003522513683314797]",Face,Face+Body,lpips,global,37,0.806019398060194,-0.0005062743350192231
formal,0.17298270172982702,"[-0.0071122441875177776, -0.0005830834464738664]",Face,Face+Body,pixel_corr,global,37,0.034596540345965404,-0.0036404970866124914
formal,0.24966253374662536,"[-0.0041533901729270085, 8.557200315542342e-05]",Face,Face+Body,ssim,global,37,0.07289271072892711,-0.0020339530115898773
formal,0.9011055416197511,"[-0.008648460946373037, 0.011859650285662833]",Face,Face+Body+Scene,clip,global,37,0.8155184481551845,0.0013077790404225254
formal,0.9011055416197511,"[-0.01785414770918873, 0.013533014338484507]",Face,Face+Body+Scene,dino,global,37,0.829017098290171,-0.0017861587196789878
formal,0.38746125387461255,"[-0.11531531531531532, 0.014414414414414416]",Face,Face+Body+Scene,face_detection_success,local,37,0.15498450154984503,-0.05045045045045045
formal,0.7637986201379862,"[-0.012440083901343348, 0.006104217764044702]",Face,Face+Body+Scene,face_dino,local,37,0.47525247475252475,-0.0034849012966964165
formal,0.042745725427457255,"[0.004681703518102835, 0.01682278970071861]",Face,Face+Body+Scene,face_lpips,local,37,0.0014998500149985001,0.010547065949654794
formal,0.29900235782873325,"[-0.0004331588396080982, 0.005158148585139093]",Face,Face+Body+Scene,lpips,global,37,0.12358764123587641,0.0023250693673486102
formal,0.5231184198653305,"[-0.010132175132440243, 0.002386704926825534]",Face,Face+Body+Scene,pixel_corr,global,37,0.285971402859714,-0.003584080547355427
formal,0.065993400659934,"[-0.009042415269591169, -0.0018462331766832937]",Face,Face+Body+Scene,ssim,global,37,0.004399560043995601,-0.005145529258612616
formal,0.753074692530747,"[-0.015287185261646907, 0.007544961262930621]",Face,Face+Scene,clip,global,37,0.502049795020498,-0.004014527744001095
formal,0.24966253374662536,"[-0.03163740138202352, 0.0005144945737645711]",Face,Face+Scene,dino,global,37,0.07989201079892011,-0.015175013107390284
formal,0.9284466290213084,"[-0.08468468468468468, 0.057657657657657665]",Face,Face+Scene,face_detection_success,local,37,0.7430256974302569,-0.01261261261261261
formal,0.18841865813418657,"[-0.030052676605299814, -0.002446634273573354]",Face,Face+Scene,face_dino,local,37,0.0334966503349665,-0.015591694269463557
formal,0.4135086491350865,"[-0.0018549620863553635, 0.011866668994362289]",Face,Face+Scene,face_lpips,local,37,0.1837816218378162,0.0047552022848043355
formal,0.8560584619504152,"[-0.0023299321371155817, 0.0045534549317918374]",Face,Face+Scene,lpips,global,37,0.6376362363763624,0.0009130120277404781
formal,0.8560584619504152,"[-0.007666694880487793, 0.004146938540021662]",Face,Face+Scene,pixel_corr,global,37,0.6239376062393761,-0.0015520209556348732
formal,0.7422695230476952,"[-0.0042071893620506465, 0.0020330768140536426]",Face,Face+Scene,ssim,global,37,0.47505249475052497,-0.0011588319038094276
formal,0.27209043801502203,"[-0.0008150375723838802, 0.018310397017995514]",Scene,Body+Scene,background_clip,local,50,0.0861913808619138,0.008722927292188008
formal,0.27209043801502203,"[-0.000550791348773053, 0.02719068770199083]",Scene,Body+Scene,background_dino,local,50,0.068993100689931,0.013054483456847567
formal,0.4118159612610167,"[-0.003048483031988143, 0.017132959839701645]",Scene,Body+Scene,clip,global,50,0.19218078192180782,0.006978937347730001
formal,0.20997900209979004,"[0.0007148066036946463, 0.026133353789375785]",Scene,Body+Scene,dino,global,50,0.050094990500949906,0.013418990685604513
formal,0.940179954607279,"[-0.0043693883915742245, 0.003751401937007901]",Scene,Body+Scene,lpips,global,50,0.9026097390260974,-0.0002699307600657144
formal,0.940179954607279,"[-0.011278018766347864, 0.008391668585705172]",Scene,Body+Scene,pixel_corr,global,50,0.8845115488451155,-0.0008127407377320673
formal,0.7001299870012998,"[-0.025333333333333333, 0.07066666666666667]",Scene,Body+Scene,scene_class_consistency,local,50,0.388961103889611,0.022666666666666665
formal,0.017498250174982504,"[-0.008558312827713768, -0.0024475937745615543]",Scene,Body+Scene,ssim,global,50,0.0006999300069993001,-0.005397286990631126
formal,0.27209043801502203,"[-0.00011395379801591223, 0.021151805360118535]",Scene,Face+Body,background_clip,local,50,0.07179282071792821,0.009886725147565206
formal,0.27209043801502203,"[0.000778070642193779, 0.03905887982636535]",Scene,Face+Body,background_dino,local,50,0.06669333066693331,0.018178316421496376
formal,0.24966253374662536,"[-0.00017986068924268008, 0.020235126947363215]",Scene,Face+Body,clip,global,50,0.06729327067293271,0.009729878505071003
formal,0.20997900209979004,"[0.001959078433077473, 0.04020482496599822]",Scene,Face+Body,dino,global,50,0.05039496050394961,0.019031312988760568
formal,0.29900235782873325,"[-0.000893538254499434, 0.007663754210869469]",Scene,Face+Body,lpips,global,50,0.12268773122687732,0.003400813182195028
formal,0.24966253374662536,"[-0.00012968227025465773, 0.014136382883237238]",Scene,Face+Body,pixel_corr,global,50,0.0776922307769223,0.006757295237223075
formal,0.9754605934755363,"[-0.042666666666666665, 0.03599999999999999]",Scene,Face+Body,scene_class_consistency,local,50,0.9321067893210679,-0.002666666666666665
formal,0.07284985787135571,"[-0.007389833313236063, -0.0015148165552710702]",Scene,Face+Body,ssim,global,50,0.0066993300669933005,-0.0043669866231838455
formal,0.15223477652234776,"[0.0027996013571818675, 0.023960844865441318]",Scene,Face+Body+Scene,background_clip,local,50,0.0182981701829817,0.012861930092175802
formal,0.13161183881611838,"[0.006229311605961994, 0.04687889317967929]",Scene,Face+Body+Scene,background_dino,local,50,0.011698830116988301,0.024488180070494615
formal,0.1724827517248275,"[0.0016474413802226378, 0.02331947367191314]",Scene,Face+Body+Scene,clip,global,50,0.0321967803219678,0.012331463575363159
formal,0.10573942605739425,"[0.005473624066201348, 0.045658920692450644]",Scene,Face+Body+Scene,dino,global,50,0.014098590140985901,0.023638443538919095
formal,0.7568360810977726,"[-0.002889705492059389, 0.0056053096155325565]",Scene,Face+Body+Scene,lpips,global,50,0.5146485351464853,0.0014631070295969648
formal,0.753074692530747,"[-0.00597849719464352, 0.011435071281041449]",Scene,Face+Body+Scene,pixel_corr,global,50,0.49965003499650035,0.0031114979886632077
formal,0.042745725427457255,"[0.022666666666666665, 0.08533333333333333]",Scene,Face+Body+Scene,scene_class_consistency,local,50,0.0018998100189981002,0.05333333333333333
formal,0.5097567166360287,"[-0.0046530475870954985, 0.0012941908947026876]",Scene,Face+Body+Scene,ssim,global,50,0.263973602639736,-0.0017592759689350889
formal,0.843243800619938,"[-0.005010664277275404, 0.0093086064517498]",Scene,Face+Scene,background_clip,local,50,0.5996400359964004,0.0019436477422714235
formal,0.8821764882335296,"[-0.008208384086416725, 0.017256274644572592]",Scene,Face+Scene,background_dino,local,50,0.6665333466653335,0.0034266811059787874
formal,0.8822504846289564,"[-0.005783012319604554, 0.008402179661393165]",Scene,Face+Scene,clip,global,50,0.7293270672932707,0.0012713303168614709
formal,0.8560584619504152,"[-0.008318062435067258, 0.018696888891956757]",Scene,Face+Scene,dino,global,50,0.6375362463753624,0.003938346857515474
formal,0.6711828817118288,"[-0.004077612012624741, 0.001686170869072279]",Scene,Face+Scene,lpips,global,50,0.4116588341165883,-0.0012213409344355266
formal,0.4118159612610167,"[-0.0018402966319655035, 0.010017464183905665]",Scene,Face+Scene,pixel_corr,global,50,0.1847815218478152,0.004027527641772746
formal,0.8738671587386715,"[-0.03600000000000001, 0.022666666666666665]",Scene,Face+Scene,scene_class_consistency,local,50,0.6408359164083591,-0.00666666666666667
formal,0.8822504846289564,"[-0.0028446390453721977, 0.003840775577522288]",Scene,Face+Scene,ssim,global,50,0.7177282271772822,0.0007587935076038058
formal,0.9766068847660687,"[-0.0055564367234706875, 0.005190566742420196]",Scene,Scene,background_clip,local,50,0.954904509549045,-0.00014646041393279974
formal,0.9240790206693618,"[-0.011990665997727773, 0.007865284748678092]",Scene,Scene,background_dino,local,50,0.7187281271872813,-0.0019171649742250644
formal,0.940179954607279,"[-0.0055815642009178785, 0.005007531234622002]",Scene,Scene,clip,global,50,0.8996100389961004,-0.0003361529906590778
formal,0.8560584619504152,"[-0.012269234342391916, 0.007517496943489332]",Scene,Scene,dino,global,50,0.6257374262573743,-0.0025217328049863376
formal,0.29535507987662774,"[-0.003371848503748575, 0.0002115597645441686]",Scene,Scene,lpips,global,50,0.10238976102389762,-0.0015599412520726518
formal,0.4118159612610167,"[-0.0010428082643711353, 0.006177068844890489]",Scene,Scene,pixel_corr,global,50,0.18498150184981502,0.002471844380712559
formal,0.817466640432731,"[-0.017333333333333333, 0.03066666666666667]",Scene,Scene,scene_class_consistency,local,50,0.54994500549945,0.006666666666666669
formal,0.4878566197434311,"[-0.00356242926689433, 0.000540272155895182]",Scene,Scene,ssim,global,50,0.24067593240675933,-0.001288277844745988
