analysis_status,bh_q_e3b,ci95,image_category,masked_roi,metric,num_images,sign_flip_p,target_minus_pure_random
engineering_smoke,,,Body,Body,clip,1,,0.016053652763366698
engineering_smoke,,,Body,Body,dino,1,,0.0038677245378494264
engineering_smoke,,,Body,Body,lpips,1,,0.00017180442810058594
engineering_smoke,,,Body,Body,person_dino,1,,0.00853433907032013
engineering_smoke,,,Body,Body,person_lpips,1,,0.001820528507232666
engineering_smoke,,,Body,Body,person_region_consistency,1,,0.00853433907032013
engineering_smoke,,,Body,Body,pixel_corr,1,,-0.00011223409692459607
engineering_smoke,,,Body,Body,ssim,1,,-0.0022878860073006157
engineering_smoke,,,Body,Body+Scene,clip,1,,-0.03502325415611267
engineering_smoke,,,Body,Body+Scene,dino,1,,0.02864201068878174
engineering_smoke,,,Body,Body+Scene,lpips,1,,0.0027300834655761717
engineering_smoke,,,Body,Body+Scene,person_dino,1,,0.044010454416275026
engineering_smoke,,,Body,Body+Scene,person_lpips,1,,-0.003505384922027588
engineering_smoke,,,Body,Body+Scene,person_region_consistency,1,,0.044010454416275026
engineering_smoke,,,Body,Body+Scene,pixel_corr,1,,0.00452131544724188
engineering_smoke,,,Body,Body+Scene,ssim,1,,-0.004095802999243203
engineering_smoke,,,Body,Face+Body,clip,1,,0.014334541559219361
engineering_smoke,,,Body,Face+Body,dino,1,,-0.0011276990175247189
engineering_smoke,,,Body,Face+Body,lpips,1,,-0.005420029163360596
engineering_smoke,,,Body,Face+Body,person_dino,1,,-0.007465970516204835
engineering_smoke,,,Body,Face+Body,person_lpips,1,,-0.008767855167388917
engineering_smoke,,,Body,Face+Body,person_region_consistency,1,,-0.007465970516204835
engineering_smoke,,,Body,Face+Body,pixel_corr,1,,0.007785321442405832
engineering_smoke,,,Body,Face+Body,ssim,1,,-0.01002470114965428
engineering_smoke,,,Body,Face+Body+Scene,clip,1,,0.0005052864551544183
engineering_smoke,,,Body,Face+Body+Scene,dino,1,,0.009759706258773804
engineering_smoke,,,Body,Face+Body+Scene,lpips,1,,-0.00942375659942627
engineering_smoke,,,Body,Face+Body+Scene,person_dino,1,,-0.003977759182453154
engineering_smoke,,,Body,Face+Body+Scene,person_lpips,1,,-0.01829887628555298
engineering_smoke,,,Body,Face+Body+Scene,person_region_consistency,1,,-0.003977759182453154
engineering_smoke,,,Body,Face+Body+Scene,pixel_corr,1,,-0.018185099468941236
engineering_smoke,,,Body,Face+Body+Scene,ssim,1,,-0.012442261921764402
engineering_smoke,,,Body,Face+Scene,clip,1,,0.04860694408416748
engineering_smoke,,,Body,Face+Scene,dino,1,,0.025537879765033723
engineering_smoke,,,Body,Face+Scene,lpips,1,,-0.004089641571044922
engineering_smoke,,,Body,Face+Scene,person_dino,1,,0.026932799816131593
engineering_smoke,,,Body,Face+Scene,person_lpips,1,,-0.0013164877891540527
engineering_smoke,,,Body,Face+Scene,person_region_consistency,1,,0.026932799816131593
engineering_smoke,,,Body,Face+Scene,pixel_corr,1,,-0.020400565730361774
engineering_smoke,,,Body,Face+Scene,ssim,1,,-0.0016371601382342115
engineering_smoke,,,Face,Body+Scene,clip,1,,-0.07906654477119446
engineering_smoke,,,Face,Body+Scene,dino,1,,0.06650797128677369
engineering_smoke,,,Face,Body+Scene,face_detection_success,1,,0.0
engineering_smoke,,,Face,Body+Scene,face_dino,1,,-0.04774788469076156
engineering_smoke,,,Face,Body+Scene,face_lpips,1,,0.014277589321136475
engineering_smoke,,,Face,Body+Scene,lpips,1,,0.013853275775909423
engineering_smoke,,,Face,Body+Scene,pixel_corr,1,,0.053426472099031896
engineering_smoke,,,Face,Body+Scene,ssim,1,,-0.010441330290467376
engineering_smoke,,,Face,Face,clip,1,,0.008815038204193115
engineering_smoke,,,Face,Face,dino,1,,0.012450307607650757
engineering_smoke,,,Face,Face,face_detection_success,1,,0.0
engineering_smoke,,,Face,Face,face_dino,1,,0.030589275062084198
engineering_smoke,,,Face,Face,face_lpips,1,,0.009943652153015136
engineering_smoke,,,Face,Face,lpips,1,,0.0011976122856140136
engineering_smoke,,,Face,Face,pixel_corr,1,,-0.004124944852181764
engineering_smoke,,,Face,Face,ssim,1,,0.0016063695467123497
engineering_smoke,,,Face,Face+Body,clip,1,,0.012680566310882569
engineering_smoke,,,Face,Face+Body,dino,1,,0.0041225522756576545
engineering_smoke,,,Face,Face+Body,face_detection_success,1,,0.0
engineering_smoke,,,Face,Face+Body,face_dino,1,,0.04948507398366928
engineering_smoke,,,Face,Face+Body,face_lpips,1,,0.013458490371704102
engineering_smoke,,,Face,Face+Body,lpips,1,,-0.004939031600952148
engineering_smoke,,,Face,Face+Body,pixel_corr,1,,0.010587658878508408
engineering_smoke,,,Face,Face+Body,ssim,1,,0.00748033980563092
engineering_smoke,,,Face,Face+Body+Scene,clip,1,,-0.03737480640411377
engineering_smoke,,,Face,Face+Body+Scene,dino,1,,0.06765380203723907
engineering_smoke,,,Face,Face+Body+Scene,face_detection_success,1,,0.0
engineering_smoke,,,Face,Face+Body+Scene,face_dino,1,,-0.013288119435310365
engineering_smoke,,,Face,Face+Body+Scene,face_lpips,1,,0.027630555629730224
engineering_smoke,,,Face,Face+Body+Scene,lpips,1,,0.01993614435195923
engineering_smoke,,,Face,Face+Body+Scene,pixel_corr,1,,0.0624413161947042
engineering_smoke,,,Face,Face+Body+Scene,ssim,1,,-0.007583394245975705
engineering_smoke,,,Face,Face+Scene,clip,1,,0.036181652545928956
engineering_smoke,,,Face,Face+Scene,dino,1,,0.05293879508972168
engineering_smoke,,,Face,Face+Scene,face_detection_success,1,,0.0
engineering_smoke,,,Face,Face+Scene,face_dino,1,,0.006611689925193787
engineering_smoke,,,Face,Face+Scene,face_lpips,1,,0.006064713001251221
engineering_smoke,,,Face,Face+Scene,lpips,1,,0.003919005393981934
engineering_smoke,,,Face,Face+Scene,pixel_corr,1,,0.04617665812797322
engineering_smoke,,,Face,Face+Scene,ssim,1,,0.009638761279641717
engineering_smoke,,,Scene,Body+Scene,background_clip,1,,0.07907910346984863
engineering_smoke,,,Scene,Body+Scene,background_dino,1,,-0.003431192040443419
engineering_smoke,,,Scene,Body+Scene,clip,1,,0.07907910346984863
engineering_smoke,,,Scene,Body+Scene,dino,1,,-0.003431192040443419
engineering_smoke,,,Scene,Body+Scene,lpips,1,,0.028490662574768066
engineering_smoke,,,Scene,Body+Scene,pixel_corr,1,,0.009544958313413808
engineering_smoke,,,Scene,Body+Scene,scene_class_consistency,1,,0.0
engineering_smoke,,,Scene,Body+Scene,ssim,1,,-0.01729693293828598
engineering_smoke,,,Scene,Face+Body,background_clip,1,,0.07109419107437134
engineering_smoke,,,Scene,Face+Body,background_dino,1,,-0.016435254178941247
engineering_smoke,,,Scene,Face+Body,clip,1,,0.07109419107437134
engineering_smoke,,,Scene,Face+Body,dino,1,,-0.016435254178941247
engineering_smoke,,,Scene,Face+Body,lpips,1,,0.006697630882263184
engineering_smoke,,,Scene,Face+Body,pixel_corr,1,,-0.022278014031818314
engineering_smoke,,,Scene,Face+Body,scene_class_consistency,1,,0.0
engineering_smoke,,,Scene,Face+Body,ssim,1,,-0.028122437789026688
engineering_smoke,,,Scene,Face+Body+Scene,background_clip,1,,0.07698934078216553
engineering_smoke,,,Scene,Face+Body+Scene,background_dino,1,,-0.007574708573520182
engineering_smoke,,,Scene,Face+Body+Scene,clip,1,,0.07698934078216553
engineering_smoke,,,Scene,Face+Body+Scene,dino,1,,-0.007574708573520182
engineering_smoke,,,Scene,Face+Body+Scene,lpips,1,,0.020718884468078614
engineering_smoke,,,Scene,Face+Body+Scene,pixel_corr,1,,0.008885584833077699
engineering_smoke,,,Scene,Face+Body+Scene,scene_class_consistency,1,,0.0
engineering_smoke,,,Scene,Face+Body+Scene,ssim,1,,-0.02423625272704627
engineering_smoke,,,Scene,Face+Scene,background_clip,1,,-0.022243738174438477
engineering_smoke,,,Scene,Face+Scene,background_dino,1,,-0.019991114363074304
engineering_smoke,,,Scene,Face+Scene,clip,1,,-0.022243738174438477
engineering_smoke,,,Scene,Face+Scene,dino,1,,-0.019991114363074304
engineering_smoke,,,Scene,Face+Scene,lpips,1,,-0.0011665701866149904
engineering_smoke,,,Scene,Face+Scene,pixel_corr,1,,-0.01404916211594372
engineering_smoke,,,Scene,Face+Scene,scene_class_consistency,1,,0.0
engineering_smoke,,,Scene,Face+Scene,ssim,1,,0.010746395605500414
engineering_smoke,,,Scene,Scene,background_clip,1,,0.014960777759552003
engineering_smoke,,,Scene,Scene,background_dino,1,,-0.022261237166821955
engineering_smoke,,,Scene,Scene,clip,1,,0.014960777759552003
engineering_smoke,,,Scene,Scene,dino,1,,-0.022261237166821955
engineering_smoke,,,Scene,Scene,lpips,1,,-0.003691864013671875
engineering_smoke,,,Scene,Scene,pixel_corr,1,,0.005245790313019022
engineering_smoke,,,Scene,Scene,scene_class_consistency,1,,0.0
engineering_smoke,,,Scene,Scene,ssim,1,,0.011160803106848138
